Stock Number,Stock Name
100180,HDFC Bank Ltd.
132174,ICICI Bank Ltd.
100325,Reliance Industries Ltd.
132454,Bharti Airtel Ltd.
100510,Larsen & Toubro Ltd.
100112,State Bank of India
100209,Infosys Ltd.
132215,Axis Bank Ltd.
100247,Kotak Mahindra Bank Ltd.
100520,Mahindra & Mahindra Ltd.
100034,Bajaj Finance Ltd.
100875,ITC Ltd.
132540,Tata Consultancy Services Ltd.
252306,Eternal Ltd.
100114,Titan Company Ltd.
124715,Sun Pharmaceutical Industries Ltd.
132500,Maruti Suzuki India Ltd.
100696,Hindustan Unilever Ltd.
111218,Shriram Finance Ltd.
132555,NTPC Ltd.
100470,Tata Steel Ltd.
100049,Bharat Electronics Ltd.
100440,Hindalco Industries Ltd.
132281,HCL Technologies Ltd.
132538,Ultratech Cement Ltd.
200132,Bajaj Auto Ltd.
100300,Grasim Industries Ltd.
100228,JSW Steel Ltd.
100820,Asian Paints Ltd.
132898,Power Grid Corporation of India Ltd.
222055,Interglobe Aviation Ltd.
132921,Adani Ports and Special Economic Zone Ltd.
205198,Bajaj Finserv Ltd.
105200,Eicher Motors Ltd.
100790,Nestle India Ltd.
132755,Tech Mahindra Ltd.
219300,Coal India Ltd.
100251,Trent Ltd.
108869,Apollo Hospitals Enterprise Ltd.
100312,Oil & Natural Gas Corporation Ltd.
112599,Adani Enterprises Ltd.
100087,Cipla Ltd.
229365,Jio Financial Services Ltd.
211385,SBI Life Insurance Co. Ltd.
218071,Max Healthcare Institute Ltd.
100124,Dr. Reddy's Laboratories Ltd.
100800,Tata Consumer Products Ltd.
100570,Tata Motors Passenger Vehicles Ltd.
217389,HDFC Life Insurance Company Ltd.
107685,Wipro Ltd.
100180,HDFC Bank Limited
132174,ICICI Bank Limited
132898,Power Grid Corporation of India Limited
100875,ITC Limited
100490,Bajaj Holdings & Investment Limited
219300,Coal India Limited
100247,Kotak Mahindra Bank Limited
132281,HCL Technologies Limited
100520,Mahindra & Mahindra Limited
100209,Infosys Limited
132215,Axis Bank Limited
132540,Tata Consultancy Services Limited
132454,Bharti Airtel Limited
132500,Maruti Suzuki India Limited
132321,Zydus Lifesciences Limited
100087,Cipla Limited
132514,Indraprastha Gas Limited
100124,Dr. Reddy's Laboratories Limited
131335,Zydus Wellness Limited
224623,Indian Energy Exchange Limited
132868,DLF Limited
100125,EID Parry India Limited
132522,Petronet LNG Limited
218533,Narayana Hrudayalaya Limited
208661,Mahanagar Gas Limited
207950,Central Depository Services (India) Limited
234556,CMS Info System Limited
132756,CIE Automotive India Limited
100620,The Great Eastern Shipping Company Limited
100266,Maharashtra Scooters Limited
132835,ICRA Limited
209967,Indus Towers Limited
105355,Nesco Limited
100407,Swaraj Engines Limited
100034,Bajaj Finance Limited
100325,Reliance Industries Limited
124715,Sun Pharmaceutical Industries Limited
100114,Titan Company Limited
219494,Hindustan Aeronautics Limited
132483,Canara Bank
132488,Divi's Laboratories Limited
132538,UltraTech Cement Limited
100440,Hindalco Industries Limited
100312,Oil & Natural Gas Corporation Limited
100470,Tata Steel Limited
100696,Hindustan Unilever Limited
100049,Bharat Electronics Limited
100300,Grasim Industries Limited
132187,IndusInd Bank Limited
105200,Eicher Motors Limited
132343,TVS Motor Company Limited
205198,Bajaj Finserv Limited
278580,IDFC First Bank Limited
100477,Ashok Leyland Limited
100228,JSW Steel Limited
100800,Tata Consumer Products Limited
100257,Lupin Limited
208461,JSW Energy Limited
279017,Alphabet Inc A
218241,Microsoft Corp
224342,Amazon Com Inc
240763,Meta Platforms Registered Shares A
252306,Eternal Limited
207901,BSE Limited
100180,HDFC Bank Ltd.£
211385,SBI Life Insurance Company Ltd.
100510,Larsen and Toubro Ltd.
222055,InterGlobe Aviation Ltd.
208361,Hyundai Motor India Limited
132488,Divis Laboratories Ltd.
254493,PB Fintech Limited
218071,Max Healthcare Institute Limited
307332,Piramal Pharma Limited
100530,Bosch Limited
210590,Persistent Systems Limited
100257,Lupin Ltd.
214437,Varroc Engineering Limited
132343,TVS Motor Company Ltd.
221033,Aster DM Healthcare Limited
302988,Fsn Ecommerce Ventures Limited (Nykaa)
132432,United Spirits Limited
218763,Dr. Lal Path Labs Ltd
100825,Britannia Industries Ltd.
233063,LENSKART SOLUTIONS LIMITED
228049,Anthem Biosciences Limited
287433,ACME Solar Holdings Limited
317635,Vishal Mega Mart Limited
215216,Craftsman Automation Ltd
122287,Kalpataru Projects International Ltd
237831,JSW Infrastructure Limited
117354,Havells India Ltd.
124558,Neuland Laboratories Limited
112599,ADANI ENTERPRISES LIMTIED
216147,Nuvoco Vistas Corporation Ltd.
132129,Hexaware Technologies Ltd.
213838,Prestige Estates Projects Ltd.
100477,Ashok Leyland  Ltd
200132,Bajaj Auto Limited
208364,ICICI PRUDENTIAL ASSET MANAGEMENT COMPANY LIMITED
207901,Bombay Stock Exchange Limited (BSE)
320396,CORONA REMEDIES LIMITED
303107,SAPPHIRE FOODS INDIA LIMITED
209078,Nippon Life India Asset Management Limited
223586,SBI Funds Management Limited
132756,CIE Automotive India Ltd
235506,Metropolis Healthcare Ltd.
210072,Dixon Technologies (India) Ltd.
100495,ESCORTS KUBOTA LIMITED
100260,The Ramco Cements Ltd.
280713,Crompton Greaves Consumer Elec. Ltd.
217376,Life Insurance Corporation of India
296214,Restaurant Brands Asia Limited
293862,Swiggy Limited
132259,Apar Industries Limited
132523,Biocon Ltd.
294388,Ather Energy Limited
100104,Hindustan Petroleum Corp. Ltd.
100380,JK Lakshmi Cement Ltd
122163,Diamond Power Infrastructure Limited
254962,Rubicon Research Limited
100002,ABB India Ltd.
321331,TENNECO CLEAN AIR INDIA LIMITED
132134,Bank of Baroda
132175,Cyient Ltd.
277614,Jupiter Life Line Hospitals Limited
132400,Birlasoft Limited
132370,Ramco Systems Ltd.
100469,The Federal Bank Ltd.
286335,Au Small Finance Bank Ltd.
100271,Max Financial Services Ltd.
124494,Ipca Laboratories Ltd.
132296,Glenmark Pharmaceuticals Ltd.
132814,Indian Bank
102355,Balkrishna Industries Ltd.
132541,Coforge Limited
132843,Fortis Healthcare Limited
131642,Marico Ltd.
132720,Mahindra & Mahindra Financial Services Ltd.
124804,Aurobindo Pharma Ltd.
100480,Cummins India Ltd.
100483,Tata Communications Limited
100877,Apollo Tyres Ltd.
235355,Gland Pharma Ltd.
132286,Jindal Steel Limited.
212427,Alkem Laboratories Ltd.
126299,MphasiS Limited.
132477,Union Bank of India
100096,Dabur India Ltd.
132683,AIA Engineering Ltd.
289108,Delhivery Limited
190003,Karur Vysya Bank Ltd.
100493,Bharat Forge Ltd.
132187,Indusind Bank Ltd.
106395,Coromandel International Limited
217400,Star Health and Allied Insurance Company Ltd
100850,Indian Hotels Company Ltd.
132805,Redington Ltd.
217379,ICICI Lombard General Insurance Co
132424,Godrej Consumer Products Ltd.
100403,Sundram Fasteners Ltd.
214179,Sona Blw Precision Forgings
132210,City Union Bank Ltd.
132514,Indraprastha Gas Ltd.
322950,SKF India (Industrial) Limited
295872,GUJARAT FLUOROCHEMICALS LIMITED
122113,Timken India Ltd.
100410,ACC Ltd.
109930,Supreme Industries Ltd.
100101,Arvind Limited
132466,Oracle Financial Ser Software Ltd.
124208,Aarti Industries Ltd.
132522,Petronet LNG Ltd.
100472,SKF India Ltd.
102986,Vardhman Textiles Ltd.
104973,Cholamandalam Financial Holdings Ltd.
132714,KEC International Ltd.
120113,Vesuvius India Ltd.
117385,Symphony Ltd.
207872,Bharti Hexacom Limited
100830,Colgate-Palmolive ( I ) Ltd.
278701,Five-Star Business Finance Limited
322541,Billionbrains Garage Ventures Limited (Groww)
108989,Navneet Education Ltd.
208607,LG Electronics India Limited
126797,Greenply Industries Ltd.
272156,Greenlam Industries Ltd.
131162,Emami Ltd.
107717,Dhanuka Agritech Ltd.
200046,KNR Construction limited.
295732,Greenpanel Industries Limited
132705,Jagran Prakashan Ltd.
132555,NTPC Limited
100875,ITC LIMITED
132155,GAIL (India) Ltd.
100547,Bharat Petroleum Corporation Ltd.
132810,Power Finance Corporation Ltd.
200055,REC Limited.
111243,Cholamandalam Investment & Finance Co. Ltd.
217396,CANARA HSBC LIFE INSURANCE COMPANY LIMITED
100048,BEML Limited
105242,Dynamatic Technologies Ltd.
223187,KAYNES TECHNOLOGY INDIA LIMITED
220869,Techno Electric & Engin. Co. Ltd.
297249,WeWork India Management Limited
208264,Gujarat Pipavav Port Ltd.
200115,Titagarh Wagons Limited
100425,Ambuja Cements Ltd.
124667,Savita Oil Technologies Ltd.
212705,Bharat Dynamics Limited
208745,Mishra Dhatu Nigam Ltd.
267615,Aavas Financiers Ltd.
100252,LMW Limited
208238,Godrej Properties Ltd.
200043,J.Kumar Infraprojects Ltd.
216369,NHPC Ltd.
132856,Time Technoplast Limited
106590,PCBL Chemical Limited
207778,Ashoka Buildcon Ltd.
297629,Cohance Lifesciences Limited
255331,TEGA INDUSTRIES LIMITED
100084,CESC Ltd.
322918,Tata Motors Limited
100820,Asian Paints Limited
208196,Garden Reach Shipbuilders & Engineers Limited
100093,CG Power and Industrial Solutions Ltd.
132868,DLF LIMITED
217389,HDFC Life Insurance Company Limited
209979,Aditya Birla Sun Life AMC Limited
117300,Gujarat Industries Power Co. Ltd.
279527,Bandhan Bank Ltd.
100124,Dr Reddys Laboratories Ltd.
132777,INFO EDGE (INDIA) LIMITED
229365,Jio Financial Services Limited
225051,SBI CARDS AND PAYMENT SERVICES LIMITED
100570,Tata Motors Passenger Vehicles Limited
100238,Whirlpool of India Ltd.
223595,Avenue Supermarts Ltd.
126612,Blue Dart Express Ltd.
208461,JSW Energy Ltd.
215367,Jubilant Foodworks Limited
209492,UTI Asset Management Company Ltd
316052,Aegis Vopak Terminals Limited
235955,Home First Finance Company India Ltd
222822,Texmaco Rail & Engineering Ltd.
105537,Zee Entertainment Enterprises Ltd.
228974,360 ONE WAM LIMITED
213327,Housing and Urban Development Corporation Ltd.
318678,ITC Hotels Limited
321652,Milky Mist Dairy Food Limited
132822,VODAFONE IDEA LIMITED
132779,Torrent Power Ltd.
105533,Westlife Foodworld Limited
314345,Ceigall India Limited
208045,Devyani International Ltd
132921,Adani Ports & Special Economic Zone
229218,Medi Assist Healthcare Services Limited
232353,RHI MAGNESITA INDIA Limited
210949,Aditya Infotech Limited
228460,Bajaj Housing Finance Ltd.
307744,BEML Land Assets Limited
100085,Chambal Fertilizers & Chemicals Ltd.
273557,Fusion Finance Limited
220350,L&T Finance Ltd.
316572,TruAlt Bioenergy Limited
304701,Campus Activewear Limited
208099,Emcure Pharmaceuticals Limited
311741,JNK India Limited
241214,Paradeep Phosphates Limited
209097,RITES Limited
323819,Shiprocket Limited
131426,Tamilnadu Newsprint & Papers Ltd.
100770,Tata Chemicals Ltd.
112070,UPL Ltd.
209550,Varun Beverages Ltd
222276,AGS Transact Technologies Limited
303704,CMR Green Technologies Limited
323597,Kwality Wall’s (India) Limited
271118,MEP Infrastructure Developers Ltd.
231273,S Chand and Company Ltd.
132725,Solar Industries India Ltd.
271875,Adani Energy Solutions Ltd.
209867,Adani Power Ltd.
100290,MRF Ltd.
221790,Muthoot Finance Ltd.
132488,Divi's Laboratories Ltd.
132541,Coforge Ltd.
233063,Lenskart Solutions Ltd.
132827,Page Industries Ltd.
132868,DLF Ltd.
132286,Jindal Steel Ltd.
100387,Shree Cement Ltd.
132830,Astral Ltd.
317635,Vishal Mega Mart Ltd.
323093,Meesho Ltd.
132478,United Breweries Ltd.
220018,Oberoi Realty Ltd.
105533,Westlife Foodworld Ltd.
100459,Procter & Gamble Hygiene and Health Care Ltd.
209550,Varun Beverages Ltd.
293862,Swiggy Ltd.
100530,Bosch Ltd.
218036,Numero Uno International Ltd.
223430,Vedant Fashions Ltd.
132777,Info Edge (India) Ltd.
294253,Brainbees Solutions Ltd.
225051,SBI Cards & Payment Services Ltd.
132187,IndusInd Bank Ltd.
100112,State Bank Of India
100387,Shree Cements Ltd.
293862,Swiggy Ltd
210258,ICICI Prudential Life Insurance Company Ltd.
322918,Tata Motors Ltd.
208361,Hyundai Motor India Ltd.
305013,Motherson Sumi Wiring India Ltd.
210174,General Insurance Corporation of India
324996,Vedanta Aluminium Metal Ltd.
215367,Jubilant Foodworks Ltd.
200020,Brigade Enterprises Ltd.
217379,ICICI Lombard General Insurance Company Ltd.
117334,Samvardhana Motherson International Ltd.
100253,LIC Housing Finance Ltd.
273811,Manipal Health Enterprises Ltd.
207673,Adani Wilmar Ltd
249927,Gujarat Gas Ltd.
120111,Ratnamani Metals & Tubes Ltd.
218756,HDB Financial Services Ltd.
123642,PI Industries Ltd.
302988,FSN E-Commerce Ventures Ltd.
200054,V-Guard Industries Ltd.
208412,Indian Railway Catering and Tourism Corporation Ltd.
290269,Indiamart Intermesh Ltd.
100670,Gujarat Narmada Valley Fertilizers and Chemicals Ltd.
274045,Rainbow Childrens Medicare Ltd
214179,Sona Blw Precision Forgings Ltd.
100294,NCC Ltd.
200057,Afcons Infrastructure Ltd.
124200,Vinati Organics Ltd.
100331,Pidilite Industries Ltd.
320627,Aditya Birla Lifestyle Brands Ltd.
209373,Syngene International Ltd.
100104,Hindustan Petroleum Corporation Ltd.
100182,Hero Motocorp Ltd.
100210,Ingersoll - Rand (India) Ltd
100008,Amara Raja Energy and Mobility Ltd.
132733,Sun TV Network Ltd.
200091,Oil India Ltd.
268205,GSPL India Transco Ltd
275477,Studds Accessories Ltd.
132689,PVR INOX Ltd.
209967,Indus Towers Ltd.
208615,Laxmi Organic Industries Ltd.
209063,CYIENT DLM LTD
294914,Go Digit General Insurance Ltd
226019,Talwandi Sabo Power Ltd.
106355,Chemplast Sanmar Ltd
200067,D.B. Corp Ltd.
223586,SBI Funds Management Ltd.
100292,Heidleberg Cement India Ltd.
132700,Entertainment Network (India) Ltd.
229238,Affle India Ltd.
219464,Cognizant Tech Solutions
217126,Malco Energy Ltd.
324997,Vedanta Iron And Steel Ltd.
214816,Akums Drugs and Pharmaceuticals Ltd.
303157,Rategain Travel Technologies Ltd.
132509,Suprajit Engineering Ltd.
100444,West Coast Paper Mills Ltd.
100103,Bharat Heavy Electricals Limited
223658,TD Power Systems Limited
190003,Karur Vysya Bank Limited
100403,Sundram Fasteners Limited
287433,Acme Solar Holdings Ltd
209147,Sai Life Sciences Limited
208766,Multi Commodity Exchange of India Limited
307061,Avalon Technologies Limited
100241,Kirloskar Brothers Limited
100123,Elantas Beck India Limited
100038,Balrampur Chini Mills Limited
113683,NLC India Limited
222961,Kirloskar Oil Engines Limited
132757,Voltamp Transformers Limited
269404,Tube Investments of India Limited
200017,eClerx Services Limited
215216,Craftsman Automation Limited
208763,MTAR Technologies Limited
132497,Radico Khaitan Limited
100238,Whirlpool of India Limited
131162,Emami Limited
132331,Ajanta Pharma Limited
304682,TBO Tek Limited
105283,Kirloskar Pneumatic Company Limited
207952,Central Mine Planning & Design Institute Limited
100680,Pfizer Limited
210072,Dixon Technologies (India) Limited
217757,PNB Housing Finance Limited
209373,Syngene International Limited
235355,Gland Pharma Limited
100133,Esab India Limited
132796,Lumax Auto Technologies Limited
207673,AWL Agri Business Limited
122287,Kalpataru Projects International Limited
132504,Navin Fluorine International Limited
303157,Rategain Travel Technologies Limited
115030,Asahi India Glass Limited
102986,Vardhman Textiles Limited
277169,Bluestone Jewellery and Lifestyle Limited
208764,Orkla India Limited
226625,Mas Financial Services Limited
221645,Krishna Institute Of Medical Sciences Limited
321202,Omnitech Engineering Limited
106820,AstraZeneca Pharma India Limited
113375,Carborundum Universal Limited
100260,The Ramco Cements Limited
122113,Timken India Limited
132630,Gokaldas Exports Limited
288451,Fine Organic Industries Limited
229238,Affle 3i Limited
132689,PVR INOX Limited
100126,Procter & Gamble Health Limited
132889,K.P.R. Mill Limited
214179,Sona BLW Precision Forgings Limited
132548,Century Plyboards (India) Limited
322366,PhysicsWallah Limited
305799,KFin Technologies Limited
100144,Finolex Cables Limited
124000,Poonawalla Fincorp Limited
200055,REC Limited
106076,Grindwell Norton Limited
132493,Astra Microwave Products Limited
280713,Crompton Greaves Consumer Electricals Limited
208190,Galaxy Surfactants Limited
200025,ISGEC Heavy Engineering Limited
220519,Bajaj Consumer Care Limited
323260,Shadowfax Technologies Limited
214084,Sansera Engineering Limited
209068,RBL Bank Limited
288401,Orient Electric Limited
210217,Healthcare Global Enterprises Limited
224898,TSF Investments  Limited
132175,Cyient Limited
106655,Sudarshan Chemical Industries Limited
106401,Deepak Nitrite Limited
132210,City Union Bank Limited
322541,Billionbrains Garage Ventures Ltd
218764,Thyrocare Technologies Limited
324996,Vedanta Aluminium Metal Limited**
124208,Aarti Industries Limited
100575,Voltas Limited
100850,The Indian Hotels Company Limited
117334,Samvardhana Motherson International Limited
100067,Blue Star Limited
235668,eMudhra Limited
224880,NIIT Learning Systems Limited
317139,NTPC Green Energy Limited
210859,Tejas Networks Limited
120057,Jtekt India Limited
100425,Ambuja Cements Limited
229852,Pine Labs Limited
235506,Metropolis Healthcare Limited
100214,ION Exchange (India) Limited
100400,Tata Power Company Limited
231440,Allied Blenders And Distillers Limited
227347,CARE Ratings Limited
226611,JSW Cement Limited
123457,Linde India Limited
301912,Clean Science and Technology Limited
117506,TTK Prestige Limited
303107,Sapphire Foods India Limited
100420,Torrent Pharmaceuticals Limited
321317,Juniper Green Energy Limited
132921,Adani Ports and Special Economic Zone Limited
100086,Exide Industries Limited
117015,Vindhya Telelinks Limited
132810,Power Finance Corporation Limited
217842,Godrej Agrovet Limited
218763,Dr. Lal Path Labs Limited
222554,Data Patterns (India) Limited
100335,Birla Corporation Limited
100233,Kajaria Ceramics Limited
130343,Genus Power Infrastructures Limited
100378,Jindal Saw Limited
100040,Aditya Birla Real Estate Limited
211595,Belrise Industries Ltd.
106222,Styrenix Performance Materials Limited
106285,Bayer Cropscience Limited
131266,V.S.T Tillers Tractors Limited
314935,Premier Energies Limited
100253,LIC Housing Finance Limited
200007,Jyothy Labs Limited
100444,West Coast Paper Mills Limited
317201,Leela Palaces Hotels & Resorts Limited
213429,Lemon Tree Hotels Limited
105790,Schaeffler India Limited
222264,PG Electroplast Limited
200057,Afcons Infrastructure Limited
100295,Vedanta Limited
305179,Harsha Engineers International Limited
100870,Castrol India Limited
320627,Aditya Birla Lifestyle Brands Limited
209344,Sumitomo Chemical India Limited
111072,Piramal Finance Limited
122064,Honda India Power Products Limited
200515,ZF Commercial Vehicle Control Systems India Limited
223187,Kaynes Technology India Limited
122205,Praj Industries Limited
209165,Sandhar Technologies Limited
100085,Chambal Fertilizers & Chemicals Limited
100084,CESC Limited
274083,Landmark Cars Limited
318618,Fujiyama Power Systems Limited
267615,Aavas Financiers Limited
200020,Brigade Enterprises Limited
100250,LG Balakrishnan & Bros Limited
210036,Computer Age Management Services Limited
296050,Indigo Paints Limited
311742,Doms Industries Limited
100674,Sanofi India Limited
126807,Seamec Limited
256461,Divgi Torqtransfer Systems Limited
221842,CreditAccess Grameen Limited
294320,KPIT Technologies Limited
122074,Elgi Equipments Limited
131599,FDC Limited
105010,Automotive Axles Limited
223571,Canara Robeco Asset Management Company Ltd
209492,UTI Asset Management Company Limited
111196,Can Fin Homes Limited
311571,Max Estates Limited
209220,Sharda Motor Industries Ltd.
222822,Texmaco Rail & Engineering Limited
211531,Just Dial Limited
100495,Escorts Kubota Limited
311991,Bajel Projects Limited
104067,Zensar Technologies Limited
120113,Vesuvius India Limited
100304,NIIT Limited
315602,Sanofi Consumer Healthcare India Limited
208745,Mishra Dhatu Nigam Limited
209063,Cyient Dlm Ltd
282626,H.G. Infra Engineering Limited
251940,G R Infraprojects Limited
272156,Greenlam Industries Limited
226076,Triveni Turbine Limited
274045,Rainbow Childrens Medicare Limited
273033,Equitas Small Finance Bank Limited
100031,Bajaj Electricals Limited
223679,Rishabh Instruments Ltd
304683,Venus Pipes And Tubes Limited
210258,ICICI Prudential Life Insurance Company Limited
221809,Inox Wind Limited
318045,Saatvik Green Energy Limited
132221,Sonata Software Limited
274038,India Shelter Finance Corporation Limited
213133,Fineotex Chemical Limited
100330,Raymond Limited
124051,Polyplex Corporation Limited
232353,RHI Magnesita India Limited
320350,Urban Company Ltd.
124200,Vinati Organics Limited
293601,Archean Chemical Industries Limited
100245,Kirloskar Ferrous Industries Limited
131531,Hatsun Agro Product Limited
117168,Subros Ltd
132612,Indoco Remedies Limited
223430,Vedant Fashions Limited
100380,JK Lakshmi Cement Limited
200094,PNC Infratech Limited
132714,KEC International Limited
132486,Pokarna Limited
238594,Laser Power And Infra Limited
303146,Go Fashion (India) Limited
216719,Sanathan Textiles Limited
208808,Protean eGov Technologies Limited
322113,Lohia Corp Limited
292420,Augmont Enterprises Limited
315970,Raymond Lifestyle Limited
311915,Stanley Lifestyles Limited
212609,Astec LifeSciences Limited
240920,Tempsens Instruments (India) Limited
275477,Studds Accessories Ltd
322716,Kusumgar Limited
132425,Genus Prime Infra Limited
249675,Sedemac Mechatronics Limited
132524,PTC India Limited
100043,Bata India Limited
106943,JB Chemicals & Pharmaceuticals Limited
296765,Hitachi Energy India Limited
208364,ICICI Prudential Asset Management Company Limited
226019,Talwandi Sabo Power Limited**
324997,Vedanta Iron And Steel Limited**
217126,Malco Energy Limited**
213862,Aequs Limited
311640,R K Swamy Ltd
205702,Ellenbarrie Industrial Gases Limited
132424,Godrej Consumer Products Limited
207861,Bharat Coking Coal Limited
210591,Aditya Birla Fashion and Retail Limited
208280,HDFC Asset Management Company Ltd.
219494,Hindustan Aeronautics Ltd.
132898,Power Grid Corporation Of India Ltd.
132432,United Spirits Ltd.
100550,Siemens Ltd.
207901,BSE Ltd.
218071,MAX Healthcare Institute Ltd
131344,Container Corporation Of India Ltd.
132321,Zydus Lifesciences Ltd.
318678,ITC Hotels Ltd
132134,Bank Of Baroda
122275,Ge Vernova T&D India Ltd.
100400,Tata Power Company Ltd.
132754,Gmr Airports Ltd.
132234,National Aluminium Company Ltd.
100850,The Indian Hotels Company Ltd.
100295,Vedanta Ltd.
130965,Indian Oil Corporation Ltd.
132215,AXIS BANK LTD.
100180,HDFC BANK LTD.
132174,ICICI BANK LTD.
100325,RELIANCE INDUSTRIES LTD.
100034,BAJAJ FINANCE LTD.
132822,Vodafone Idea Ltd
132454,BHARTI AIRTEL LTD.
100112,STATE BANK OF INDIA.
209867,ADANI POWER LTD
132555,NTPC LTD
111243,CHOLAMANDALAM INVESTMENT AND FINANCE COMPANY LTD.
100247,KOTAK MAHINDRA BANK LTD.
117334,SAMVARDHANA MOTHERSON INTERNATIONAL LTD
289554,Adani Green Energy Ltd.
100800,TATA CONSUMER PRODUCTS LTD.
130965,INDIAN OIL CORPORATION LTD.
132134,BANK OF BARODA
207901,BSE LTD
217389,HDFC Life Insurance Company Ltd
100188,Hindustan Zinc Ltd.
122275,GE VERNOVA T&D INDIA LIMITED
190059,APL Apollo Tubes Ltd
132648,YES BANK LTD.
211385,SBI Life Insurance Company Ltd
296765,HITACHI ENERGY INDIA LTD.
132483,CANARA BANK
132540,TATA CONSULTANCY SERVICES LTD.
100477,Ashok Leyland Ltd.
100295,VEDANTA LTD.
222055,Inter Globe Aviation Ltd
278580,IDFC FIRST BANK LIMITED
132843,Fortis Healthcare India Ltd
208238,GODREJ PROPERTIES LIMITED
100425,AMBUJA CEMENTS LTD.
100113,Steel Authority of India Ltd.
209550,Varun Beverages Limited
126371,NMDC Ltd.
100570,TATA MOTORS PASSENGER VEHICLES LTD
100420,TORRENT PHARMACEUTICALS LTD.
226720,KALYAN JEWELLERS INDIA LTD.
100182,Hero MotoCorp Ltd.
100547,BHARAT PETROLEUM CORPORATION  LTD.
100271,Max Financial Services Ltd
132296,Glenmark Pharmaceuticals Ltd
217379,ICICI Lombard General Insurance Company Ltd
100312,Oil And Natural Gas Corporation Ltd.
132286,Jindal Steel & Power Ltd
132461,PUNJAB NATIONAL BANK
100850,INDIAN HOTELS CO LTD
271875,ADANI ENERGY SOLUTIONS LTD.
208883,One 97 Communications Ltd
132777,Info Edge India Ltd.
217757,PNB HOUSING FINANCE LTD.
100820,Asian Paints(India) Ltd.
217376,Life Insurance Corporation Of India
100103,Bharat Heavy Electricals Ltd.
289108,DELHIVERY LTD
112599,Adani Enterprises Ltd
131213,Manappuram Finance Ltd.
221790,MUTHOOT FINANCE LTD.
131344,Container Corporation of India Ltd.
229365,JIO FINANCIAL SERVICES LTD
132725,Solar Industries India Limited
132477,UNION BANK OF INDIA
111218,SHRIRAM FINANCE LIMITED
132523,BIOCON LTD.
100493,BHARAT FORGE LTD.
269404,Tube Investments Of India Ltd.
279527,BANDHAN BANK LIMITED
100253,LIC HOUSING FINANCE LTD.
100104,HINDUSTAN PETROLEUM CORPORATION LTD.
132149,BANK OF INDIA
103806,SRF LTD.
131642,MARICO LTD.
208280,HDFC ASSET MANAGEMENT COMPANY LTD.
132497,Radico Khaitan Ltd.
100368,Ruchi Soya Industries Ltd.
132432,United Spirits Ltd
224623,Indian Energy Exchange Ltd.
132424,GODREJ CONSUMER PRODUCTS LTD.
222264,PG ELECTROPLAST LTD
100575,Voltas Ltd.
124715,SUN PHARMACEUTICAL INDUSTRIES LTD.
103100,PHOENIX MILLS LTD.
207950,Central Depository Services (India) Ltd
109930,Supreme Industries Limited
225154,Amber Enterprises India Ltd
211840,MANKIND PHARMA LTD
220018,Oberoi Realty Limited
315904,SAGILITY INDIA LTD.
132892,MOTILAL OSWAL FINANCIAL SERVICES LIMITED
219691,COCHIN SHIPYARD LTD
254493,PB Fintech Ltd.
213838,Prestige Estates Projects Limited
208461,JSW ENERGY LTD.
132539,Minda Industries Ltd.
100830,Colgate- Palmolive (India) Ltd.
211337,polycab India Limited
132667,Suzlon Energy Ltd.
100490,Bajaj Holdings and Investment Ltd
132754,GMR AIRPORTS LIMITED
132827,Page Industries Ltd
219700,MAZAGOAN DOCK SHIPBUILDERS LTD.
112070,UPL Ltd
126299,Mphasis Ltd
100114,TITAN COMPANY LTD.
132525,BANK OF MAHARASHTRA
221809,INOX WIND LIMITED
132466,Oracle Financial Services Software Ltd
317635,VISHAL MEGA MART LIMITED
100251,TRENT LTD
209078,Nippon Life Asset Management Ltd
242461,ADITYA BIRLA CAPITAL LTD
208801,NBCC (India) Ltd
294320,KPIT Technologies Ltd.
225051,SBI CARDS & PAYMENT SERVICES PVT. LTD.
200091,Oil India Limited
209037,Rail Vikas Nigam Limited
223595,Avenue Supermarts Ltd
209902,ANGEL ONE LIMITED
132814,INDIAN BANK
100163,Godfrey Phillips India Ltd.
132830,ASTRAL LTD.
214179,Sona BLW Precision Forgings Ltd
294388,ATHER ENERGY LTD
132187,INDUSIND BANK LTD.
100408,Tata Elxsi Ltd.
220350,L&T FINANCE HOLDINGS LTD
314935,PREMIER ENERGIES LIMITED
100033,Force Motors Ltd.
210258,ICICI Prudential Life Insurance Co. Ltd.
223187,KAYNES TECHNOLOGY LTD
216156,Larsen & Toubro Infotech Ltd
293380,Dalmia Bharat Limited
252306,ETERNAL LIMITED
200055,REC LTD
208361,HYUNDAI MOTORS INDIA LTD
123642,P I Industries Ltd
100124,Dr.Reddy's  Laboratories Ltd.
100067,BLUE STAR LTD.
100086,Exide Industries Ltd.
271867,Laurus Labs Ltd
293862,SWIGGY LTD
305799,KFIN TECHNOLOGIES LTD.
210072,Dixon Technologies India Ltd
217280,INDIAN RAILWAY FINANCE CORPORATION LTD.
221877,WAAREE ENERGIES LIMITED
220741,Indiabulls Housing Finance Ltd.
117569,KEI Industries Ltd.
208089,NUVAMA WEALTH MANAGEMENT LIMITED
228974,360 One Wam Ltd.
211337,Polycab India Ltd.
111243,Cholamandalam Investment And Finance Company Ltd.
208766,Multi Commodity Exchange Of India Ltd.
209024,RR Kabel Ltd.
310018,Netweb Technologies India
103100,The Phoenix Mills Ltd.
323260,Shadowfax Technologies Ltd
228017,Travel Food Services Ltd
222264,Pg Electroplast Ltd.
209902,Angel One Ltd.
100420,Torrent Pharmaceuticals Ltd.
132541,COFORGE Ltd.
132259,Apar Industries Ltd.
217396,Canara HSBC Life Insurance Co Ltd
312314,Azad Engineering Ltd
124558,Neuland Laboratories Ltd.
100027,Atul Ltd.
210036,Computer Age Management Services Ltd.
211840,Mankind Pharma Ltd.
126299,Mphasis Ltd.
216156,LTIMindtree Ltd.
190071,Sundaram Finance Ltd.
232353,Orient Refractories Ltd.
221809,Inox Wind Ltd.
100830,Colgate - Palmolive (India) Ltd.
100180,EQ - HDFC BANK LIMITED
132174,EQ - ICICI BANK LTD
100325,EQ - RELIANCE INDUSTRIES LTD.
132454,EQ - BHARTI AIRTEL LTD.
100510,EQ - LARSEN & TOUBRO LTD.
100112,EQ - STATE BANK OF INDIA
100209,EQ - INFOSYS LTD.
132215,EQ - AXIS BANK LTD.
100247,EQ - KOTAK MAHINDRA BANK LTD.
100520,EQ - MAHINDRA & MAHINDRA LTD.
100034,EQ - BAJAJ FINANCE LTD.
100875,EQ - ITC LTD.
132540,EQ - TATA CONSULTANCY SERVICES LTD.
252306,EQ - ETERNAL LIMITED
100114,EQ - TITAN COMPANY LTD.
124715,EQ - SUN PHARMACEUTICALS INDUSTRIES
132500,EQ - MARUTI SUZUKI INDIA LTD.
100696,EQ - HINDUSTAN UNILEVER LTD
111218,EQ - SHRIRAM FINANCE LTD
132555,EQ - NTPC LTD.
100470,EQ - TATA STEEL LTD.
100049,EQ - BHARAT ELECTRONICS LTD.
100440,EQ - HINDALCO INDUSTRIES LTD.
132281,EQ - HCL TECHNOLOGIES LTD.
132538,EQ - ULTRATECH CEMENT LTD.
200132,EQ - BAJAJ AUTO LTD.
100300,EQ - GRASIM INDUSTRIES LTD.
100228,EQ - JSW STEEL LTD.
100820,EQ - ASIAN PAINTS (INDIA) LTD.
132898,EQ - POWER GRID CORPORATION OF INDI
222055,EQ - INTERGLOBE AVIATION LTD
132921,EQ - ADANI PORTS AND SPECIAL ECONO
205198,EQ - BAJAJ FINSERV LTD.
105200,EQ - EICHER MOTORS LTD
100790,EQ - NESTLE INDIA LTD.
132755,EQ - TECH MAHINDRA LTD.
219300,EQ - COAL INDIA LTD.
100251,EQ - TRENT LIMITED
108869,EQ - APOLLO HOSPITALS ENTERPRISE LT
100312,EQ - OIL & NATURAL GAS CORPORATION
112599,EQ - ADANI ENTERPRISES LTD.
100087,EQ - CIPLA LTD.
229365,EQ - JIO FINANCIAL SERVICES LTD
211385,EQ - SBI LIFE INSURANCE COMPANY LTD
218071,EQ - MAX HEALTHCARE INSTITUTE LTD
100124,EQ - DR REDDYS LABORATORIES LTD.
100800,EQ - TATA CONSUMER PRODUCTS LTD
100570,EQ - TATA MOTORS PASSENGER VEHICLES LTD.
217389,EQ - HDFC LIFE INSURANCE COMPANY LI
107685,EQ - WIPRO LIMITED
124494,IPCA Laboratories Ltd.
100469,FEDERAL BANK LTD.
105790,Schaeffler India Ltd
207872,BHARTI HEXACOM LTD.
279664,Global Health Ltd.
221033,ASTER DM HEALTHCARE LTD
218756,HDB FINANCIAL SERVICES LTD.
322541,BILLIONBRAINS GARAGE VENTURES LIMITED (GROWW)
111072,PIRAMAL FINANCE LTD
124000,POONAWALLA FINCORP LIMITED
208099,EMCURE PHARMACEUTICALS LIMITED
208727,Metro Brands Ltd.
132644,JK Cement Ltd.
106401,Deepak Nitrite Ltd.
200515,ZF COMMERCIAL VEHICLE CONTROL SYSTEMS INDIA LTD
303180,Prudent Corporate Advisory Services Ltd.
254962,RUBICON RESEARCH LIMITED
112573,AVANTI FEEDS LTD
132400,Birlasoft LImited
274038,INDIA SHELTER FINANCE CORPORATION LTD
235955,HOME FIRST FINANCE CO INDIA
132210,CITY UNION BANK LTD.
220869,Techno Electric & Engineering Company Limited
273811,MANIPAL HEALTH ENTERPRISES LTD
106943,JB Chemicals & Pharmaceuticals Ltd.
100510,Larsen & Toubro Limited
111218,Shriram Finance Limited
222055,InterGlobe Aviation Limited
100790,Nestle India Limited
132755,Tech Mahindra Limited
100251,Trent Limited
108869,Apollo Hospitals Enterprise Limited
112599,Adani Enterprises Limited
211385,SBI Life Insurance Company Limited
107685,Wipro Limited
100710,Akzo Nobel India Ltd.
132885,Central Bank Of India
100380,JK Lakshmi Cement Ltd.
208190,Galaxy Surfactants Ltd.
221083,Gateway Distriparks Ltd.
297629,Cohance Lifesciences Ltd.
307329,Blue Jet Healthcare Ltd.
120056,TVS Holdings Ltd.
117506,Ttk Prestige Ltd.
100680,Pfizer Ltd.
100043,Bata India Ltd.
132508,Jindal Stainless Ltd.
208607,LG Electronics Inc
286335,AU SMALL FINANCE BANK LTD.
100411,Thermax Ltd.
100260,The Ramco Cements Ltd
132331,Ajanta Pharma Ltd.
132683,AIA Engineering Limited
102355,Balkrishna Industries Ltd
221645,KRISHNA INSTITUTE OF MEDICAL
132779,TORRENT POWER LTD
237742,INDO-MIM LTD
132714,KEC INTERNATIONAL LTD.
100660,Glaxosmithkline Pharma Ltd
122275,GE Vernova T&D India Limited
100271,Max Financial Services Limited
105890,Kennametal India Limited
302988,FSN E-Commerce Ventures Limited
223595,Avenue Supermarts Limited
286335,AU Small Finance Bank Limited
100840,EIH Limited
320028,Siemens Energy India Limited
102355,Balkrishna Industries Limited
208045,Devyani International Limited
132827,Page Industries Limited
302427,Vijaya Diagnostic Centre Limited
225051,SBI Cards and Payment Services Limited
225850,Niva Bupa Health Insurance Company Limited
100093,CG Power and Industrial Solutions Limited
100830,Colgate Palmolive (India) Limited
100488,Abbott India Limited
132478,United Breweries Limited
109480,Berger Paints (I) Limited
100165,Kansai Nerolac Paints Limited
107815,Gillette India Limited
132777,Info Edge (India) Limited
324996,Vedanta Aluminium Metal Limited
217379,ICICI Lombard General Insurance Company Limited
131344,Container Corporation of India Limited
208607,LG Electronics India Ltd
100710,JSW Dulux Limited
229820,Schneider Electric Infrastructure Limited
100002,ABB India Limited
323093,Meesho Ltd
124494,IPCA Laboratories Limited
132644,JK Cement Limited
211969,Sheela Foam Limited
218067,Mahindra Logistics Limited
123395,3M India Limited
209587,VRL Logistics Limited
232604,MedPlus Health Services Limited
132638,Shoppers Stop Limited
221194,TeamLease Services Limited
225998,TCI Express Limited
100480,Cummins India Limited
313296,Awfis Space Solutions Limited
100660,GlaxoSmithKline Pharmaceuticals Limited
303575,Electronics Mart India Limited
103806,SRF Limited
111243,Cholamandalam Investment and Finance Company Ltd
212427,Alkem Laboratories Limited
100008,Amara Raja Energy & Mobility Ltd
100550,Siemens Limited
132523,Biocon Limited
207959,Chalet Hotels Limited
208364,ICICI Prudential Asset Management Company Ltd.
105790,Schaeffler India Ltd.
322950,SKF India (Industrial) Ltd.
324997,Vedanta Iron and Steel Ltd.
323597,Kwality Walls India Ltd.
211840,Mankind Pharma Limited
100387,Shree Cement Limited
208361,Hyundai Motor India Ltd
207959,Chalet Hotels Ltd.
274041,Dr Agarwal's Health Care Ltd
317201,Leela Palaces Hotels & Resorts Ltd.
322366,Physicswallah Ltd.
226611,JSW Cement Ltd.
255331,Tega Industries Ltd. $
220869,Techno Electric & Engineering Company Ltd.
283206,Aditya Vision Ltd
232604,Medplus Health Services Ltd
297249,Wework India Management Ltd
132313,Mahindra Lifespace Developers Ltd.
213046,Emmvee Photovoltaic Power Ltd.
100483,Tata Communications Ltd.
208977,Powerica Ltd
106590,PCBL Chemical Ltd.
320028,SIEMENS ENERGY INDIA LTD
100067,Blue Star Ltd.
132757,Voltamp Transformers Ltd.
106395,Coromandel International Ltd.
273033,Equitas Small Finance Bank Ltd.
324263,Turtlemint Fintech Solutions Ltd
100840,EIH Ltd.
234556,CMS Info Systems Ltd
200046,KNR Constructions Ltd.
221194,Teamlease Services Ltd.
130005,The India Cements Ltd.
316659,International Gemmological Institute (India) Ltd.
266384,PDS Ltd
209165,Sandhar Technologies Ltd.
105255,GMM Pfaudler Ltd.
130007,JK Tyre & Industries Ltd.
237191,V-Mart Retail Ltd.
100233,Kajaria Ceramics Ltd.
100645,Deepak Fertilizers and Petrochemicals Corporation Ltd.
208661,Mahanagar Gas Ltd.
131548,Somany Ceramics Ltd.
200055,Rural Electrification Corporation Ltd.
209344,Sumitomo Chemical India Ltd.
100031,Bajaj Electricals Ltd.
100469,The Federal Bank Limited
100493,Bharat Forge Limited
208883,One 97 Communications Limited
104973,Cholamandalam Financial Holdings Limited
190059,APL Apollo Tubes Limited
218756,HDB Financial Services Limited
190071,Sundaram Finance Limited
132779,Torrent Power Limited
209902,Angel One Limited
132720,Mahindra & Mahindra Financial Services Limited
215477,Endurance Technologies Limited
100104,Hindustan Petroleum Corporation Limited
303180,Prudent Corporate Advisory Services Limited
132830,Astral Limited
126299,Mphasis Limited
295872,Gujarat Fluorochemicals Limited
208280,HDFC Asset Management Company Limited
132149,Bank of India
126371,NMDC Limited
249927,Gujarat Gas Limited
228460,Bajaj Housing Finance Limited
211129,Globsyn Technologies Limited**
325089,GSPL Transmission Limited**
131531,Hatsun Agro Product Ltd.
279017,Alphabet Inc.
304945,Epam Systems Inc
132461,Punjab National Bank
221033,Aster DM Healthcare Ltd.
237831,JSW Infrastructure Ltd.
289108,Delhivery Ltd.
208883,One 97 Communications Ltd.
100338,Prism Johnson Ltd.
106076,Grindwell Norton Ltd.
241159,Neogen Chemicals Ltd.
123716,Ashiana Housing Ltd.
132889,K.P.R. Mill Ltd.
113375,Carborundum Universal Ltd.
100355,Rallis India Ltd.
208280,HDFC Asset Management Co. Ltd.
100125,E.I.D-Parry (India) Ltd.
251940,G R Infra projects Ltd.
100068,Disa India Ltd.
105412,WENDT (India) Ltd.
100210,Ingersoll Rand (India) Ltd.
100674,Sanofi India Ltd.
105010,Automotive Axles Ltd.
221959,Sula Vineyards Ltd.
308021,NMDC Steel Ltd.
219464,Cognizant Technology Solutions Corporation
132822,Vodafone Idea Ltd.
278580,IDFC First Bank Ltd.
226720,Kalyan Jewellers India Ltd.
132754,GMR Airports Ltd.
280713,Crompton Greaves Consumer Electricals Ltd.
242461,Aditya Birla Capital Ltd.
271867,Laurus Labs Ltd.
296765,Hitachi Energy India Ltd.
208766,Multi Commodity Exchange of India Ltd.
209068,RBL Bank Ltd.
122275,GE Vernova T&D India Ltd.
286335,AU Small Finance Bank Ltd.
208801,NBCC (India) Ltd.
200055,REC Ltd.
132843,Fortis Healthcare Ltd.
132539,UNO Minda Ltd.
103806,SRF Ltd.
190059,APL Apollo Tubes Ltd.
100368,Patanjali Foods Ltd.
225154,Amber Enterprises India Ltd.
219700,Mazagon Dock Shipbuilders Ltd.
219691,Cochin Shipyard Ltd.
217757,PNB Housing Finance Ltd.
210590,Persistent Systems Ltd.
100490,Bajaj Holdings & Investment Ltd.
207950,Central Depository Services (I) Ltd.
100830,Colgate Palmolive (India) Ltd.
209037,Rail Vikas Nigam Ltd.
314935,Premier Energies Ltd
222264,PG Electroplast Ltd.
212705,Bharat Dynamics Ltd.
269404,Tube Investments of India Ltd.
209078,Nippon Life India Asset Management Ltd.
132892,Motilal Oswal Financial Services Ltd.
305799,Kfin Technologies Ltd.
228974,360 ONE WAM Ltd.
315904,Sagility Ltd.
132525,Bank of Maharashtra
294388,Ather Energy Ltd.
132466,Oracle Financial Services Software Ltd.
216156,LTM Ltd.
293380,Dalmia Bharat Ltd.
217280,Indian Railway Finance Corporation Ltd.
223187,Kaynes Technology India Ltd.
219442,Lodha Developers Ltd.
220741,Sammaan Capital Ltd.
208089,Nuvama Wealth Management Ltd.
218533,Narayana Hrudayalaya Ltd.
324996,Vedanta Aluminium Metal Ltd. A**
100878,CEAT Ltd.
322541,Billionbrains Garage Ventures Ltd.
294914,GO Digit General Insurance Ltd.
295872,Gujarat Fluorochemicals Ltd.
132548,Century Plyboards (India) Ltd.
216564,Prince Pipes and Fittings Ltd.
296367,Ola Electric Mobility Ltd.
273811,Manipal Health Enterprises Ltd A**
325089,GSPL Transmission Ltd. A**
217126,Malco Energy Ltd. A**
226019,Talwandi Sabo Power Ltd. A**
324997,Vedanta Iron and Steel Ltd. A**
229365,Jio Financial Services Ltd
226720,Kalyan Jewellers India Limited
117569,KEI Industries Limited
242461,Aditya Birla Capital Limited
210590,Persistent Systems Ltd
132374,Sterlite Technologies Limited
269404,Tube Investments Of India Limited
220350,L&T Finance Limited
233063,Lenskart Solutions Limited
132667,Suzlon Energy Limited
221877,Waaree Energies Limited
132504,Navin Fluorine International Ltd.
122287,Kalpataru Projects International Ltd.
200515,ZF Commercial Vehicle Control Systems India Ltd.
117174,Honeywell Automation India Ltd.
229852,Pine Labs Ltd.
226156,AnandRathi Wealth Ltd.
211740,Happy Forgings Ltd.
287490,SBFC Finance Ltd.
221645,Krishna Institute of Medical Sciences Ltd.
100038,Balrampur Chini Mills Ltd.
311742,Doms Industries Ltd.
214084,Sansera Engineering Ltd.
219236,Thangamayil Jewellery Ltd.
130117,Privi Speciality Chemicals Ltd.
122074,Elgi Equipments Ltd.
321331,Tenneco Clean Air India Ltd.
100133,ESAB India Ltd.
217400,Star Health & Allied Insurance Co. Ltd.
100940,Finolex Industries Ltd.
251791,Aptus Value Housing Finance India Ltd.
130517,Relaxo Footwears Ltd.
222414,Dodla Dairy Ltd.
215584,Fractal Analytics Ltd.
295768,CSB Bank Ltd.
303575,Electronics Mart India Ltd.
234556,CMS Info Systems Ltd.
117506,TTK Prestige Ltd.
108486,Hawkins Cookers Ltd.
274066,Amagi Media Labs Ltd.
132811,Ahluwalia Contracts (India) Ltd.
293601,Archean Chemical Industries Ltd.
211969,Sheela Foam Ltd.
106355,Chemplast Sanmar Ltd.
117522,Rajratan Global Wire Ltd.
132689,PVR Inox Ltd.
213429,Lemon Tree Hotels Ltd.
223409,Dhoot Transmission Ltd.
232793,Acutaas Chemicals Ltd.
303146,Go Fashion (India) Ltd.
313354,Ajax Engineering Ltd.
288451,Fine Organic Industries Ltd.
321317,Juniper Green Energy Ltd.
237742,INDO-MIM Ltd.
301912,Clean Science & Technology Ltd.
284232,Happiest Minds Technologies Ltd.
132144,Welspun Corp Ltd.
233156,Rossari Biotech Ltd.
109480,Berger Paints India Ltd.
100488,Abbott India Ltd.
287433,Acme Solar Holdings Ltd.
215477,Endurance Technologies Ltd.
218763,Dr. Lal Path labs Ltd.
208607,LG Electronics India Ltd.
114167,Ganesha Ecosphere Ltd.
325089,GSPL Transmission Ltd.
272059,Manpasand Beverages Ltd.
100321,Padmini Technologies Ltd.
217808,Jadoonet.Com
124564,Gayatri Bioorganics Ltd.
132809,Firstsource Solutions Ltd.
105714,Gabriel India Ltd.
222255,Eris Lifesciences Ltd
132808,PEARL GLOBAL INDUSTRIES LIMITED
132689,PVR LIMITED
100620,Great Eastern Shipping Company Ltd.
132221,Sonata Software Ltd.
252076,Power Mech Projects Ltd.
222414,Dodla Dairy Limited
283206,Aditya Vision Limited
273033,Equitas Small Finance Bank Ltd
100250,LG Balakrishnan & Bros Ltd.
132768,FIEM INDUSTRIES LIMITED
130007,JK Tyre & Industries Limited
209587,VRL Logistics Ltd.
226627,Sharda Cropchem Ltd.
132349,Transport Corporation of India Ltd.
130367,NRB Bearing Ltd.
104067,Zensar Technologies Ltd.
132638,Shoppers Stop Ltd.
117206,Lumax Industries Ltd
100245,Kirloskar Ferrous Industries Ltd.
123704,Mastek Ltd.
311589,Redtape Limited
106690,Unichem Laboratories Ltd.
221661,Aadhar Housing Finance Limited
293664,The Anup Engineering Limited
220519,Bajaj Consumer Care Ltd.
200094,PNC Infratech Ltd.
296043,Wakefit Innovations Limited
105255,GMM Pfaudler Limited
221083,Gateway Distriparks Limited
211130,GNA Axles Ltd.
100214,ION EXCHANGE (INDIA) LIMITED
313296,AWFIS SPACE SOLUTIONS LIMITED
132851,Insecticides (India) Ltd.
126947,La Opala RG Limited
223430,Vedant Fashions Ltd
243998,Ifgl Refractories Limited (Erst Ifgl Exports Limited)
200067,D B Corp Limited
100168,Goodyear India Ltd.
221959,SULA VINEYARDS LIMITED
294253,Brainbees Solutions Limited (FirstCry)
225998,TCI Express Ltd.
211840,MANKIND PHARMA LIMITED
210850,Tata Capital Ltd.
294320,KPIT Technologies Ltd
304682,TBO Tek Ltd.
100085,Chambal Fertilisers & Chemicals Ltd.
311589,Red Tape Ltd
217400,Star Health & Allied Insurance
200048,IRB Infrastructure Developers Ltd.
320028,Siemens Energy India Ltd.
321317,Juniper Green Energy Ltd. A**
100135,EPL Ltd.
200115,Titagarh Rail Systems Ltd.
273811,Manipal Health Enterprises Ltd
132784,Sobha Ltd.
296214,Restaurant Brands Asia Ltd.
100183,HFCL Limited
209867,Adani Power Limited
100003,Aegis Logistics Limited
132144,Welspun Corp Limited
226156,Anand Rathi Wealth Limited
111072,Piramal Finance Ltd
131213,Manappuram Finance Ltd
289554,Adani Green Energy Limited
131595,Capri Global Capital Limited
131768,Poly Medicure Limited
100680,Pfizer Ltd
132733,SUN TV Network Limited
132652,Karnataka Bank Ltd
209232,Bikaji Foods International Limited
117146,Usha Martin Limited
210284,Indegene Limited
316995,Ventive Hospitality Limited
131335,Zydus Wellness Ltd
132553,Welspun Enterprises Limited
117334,Samvardhana Motherson International Ltd
132129,Hexaware Technologies Limited
106285,Bayer Cropscience Ltd
132531,Strides Pharma Science Ltd
114162,Welspun Living Limited
124372,Orchid Pharma Limited
301987,Alivus Life Sciences
103101,Marathon Nextgen Realty Limited
130019,Jubilant Pharmova Limited
100294,NCC Ltd
100463,Black Box Limited
213397,KEYSTONE REALTORS LIMITED
123405,JM FINANCIAL LIMITED
109243,TVS Srichakra Limited
106879,Gujarat Themis Biosyn Ltd -QIP
200048,IRB Infrastructure Developers Limited
293602,BLACKBUCK LIMITED
132698,Nitin Spinners Limited
100877,Apollo Tyres Ltd
223788,ETHOS LIMITED
100253,LIC Housing Finance Ltd
124804,Aurobindo Pharma Limited
208801,National Building Construction Corp
112455,Lloyds Metals And Energy Limited
254732,Juniper Hotels Limited
105714,Gabriel India Limited
209914,Apeejay Surrendra Park Hotels Limited
132805,Redington Limited
100690,Gujarat State Fert & Chemicals Ltd
132612,INDOCO REMEDIES LIMITED
210591,Aditya Birla Fashion And Retail Ltd
100265,Maharashtra Seamless Ltd
209127,S. P. Apparels Limited
132777,Info Edge (India) Ltd
100043,Bata India Ltd
100109,MANGALORE REFINERY & PETROCHEMICALS LTD
132832,Embassy Developments Limited
100337,Prime Securities Limited
205704,The Orissa Minerals Development Co Ltd
285668,Capacite Infraprojects Limited
104341,Ravindra Energy Limited
271581,Intellect Design Arena Limited
221959,Sula Vineyards Limited
100103,Bharat Heavy Electricals Ltd
109488,Graphite India Limited
100314,Oriental Hotels Limited
132815,SMS Pharmaceuticals Limited
223679,RISHABH INSTRUMENTS LIMITED
213672,Newgen Software Technologies Limited
320053,Digitide Solutions Limited
200082,Mahindra Holidays & Resorts Ind Ltd
100674,SANOFI INDIA LIMITED
123025,Safari Industries (India) Limited
218929,Sai Silks (Kalamandir) Limited
239342,Sudeep Pharma Limited
310205,Vishnu Prakash R Punglia Limited
119552,Heritage Foods Limited
245011,Best Agrolife Limited
317113,OSWAL PUMPS LIMITED
107815,Gillette India Ltd
106852,PUNJAB ALKALIES AND CHEMICALS LTD
100235,Kalyani Steels Ltd
290882,Caliber Mining and Logistics Limited
131092,OM INFRA LIMITED
112529,Viyash Scientific Limited
100135,EPL Limited
100184,Himadri Speciality Chemical Limited
200083,Man Infraconstruction Limited
228049,ANTHEM BIOSCIENCES LIMITED
217389,HDFC Life Insurance Co Ltd
100125,EID Parry (India) Ltd
130239,Suven Life Sciences Ltd.
220260,Exicom Tele-Systems Limited
322808,Sai Parenterals Limited
103100,The Phoenix Mills Limited
132539,UNO Minda Limited
131642,Marico Limited
237742,Indo-MIM Limited
223409,Dhoot Transmission Ltd
221033,Aster DM Quality Care Limited
123642,PI Industries Limited
279664,Global Health Limited
225154,Amber Enterprises India Limited
132286,Jindal Steel Limited
132466,Oracle Financial Services Software Limited
268618,L&T Technology Services Limited
132296,Glenmark Pharmaceuticals Limited
216065,Jyoti CNC Automation Ltd
100113,Steel Authority Of India Ltd.
132648,Yes Bank Ltd.
208461,JSW Energy Ltd
132149,Bank Of India
207950,Central Depository Services (India) Ltd.
132477,Union Bank Of India
315904,Sagility India Ltd
294388,Ather Energy LTD.
314935,Premier Energies Ltd.
219442,Lodha Developers Ltd
221877,WAAREE Energies Ltd
132784,Sobha Limited
132783,LT Foods Limited
132218,The South Indian Bank Limited
132652,The Karnataka Bank Limited
291768,Sky Gold And Diamonds Limited
305788,Yatharth Hospital And Trauma Care Services Limited
211925,Rashi Peripherals Limited
101423,Shaily Engineering Plastics Limited
132772,DCB Bank Limited
132531,Strides Pharma Science Limited
100164,Godrej Industries Limited
221267,Fedbank Financial Services Limited
132734,Godawari Power And Ispat limited
209089,Repco Home Finance Limited
301578,Jubilant Ingrevia Limited
130549,Shilpa Medicare Limited
300790,TARC Limited
228011,Arvind SmartSpaces Limited
123704,Mastek Limited
229414,Nazara Technologies Limited
120056,TVS Holdings Limited
100188,Hindustan Zinc Limited
275266,Lalithaa Jewellery Mart Ltd
251791,Aptus Value Housing Finance India Limited
314700,P N Gadgil Jewellers Limited
210481,Epigral Limited
291807,Senco Gold Limited
283207,Vikram Solar Ltd
288853,E2E Networks Limited
214816,Akums Drugs and Pharmaceuticals Limited
131213,Manappuram Finance Limited
210729,SIS Limited
113228,Pennar Industries Limited
132867,V2 Retail Limited
247454,Vintage Coffee And Beverages Limited
319925,Pace Digitek Limited
316572,Trualt Bioenergy Ltd
220884,S H Kelkar and Company Limited
216897,Skipper Limited
109631,HEG Limited
124404,Marksans Pharma Limited
314657,Afcom Holdings Limited
100645,Deepak Fertilizers and Petrochemicals Corporation Limited
100113,Steel Authority of India Limited
122101,Kilburn Engineering Limited
208089,Nuvama Wealth Management Limited
132300,Wockhardt Limited
112008,EFC (I) Limited
132234,National Aluminium Company Limited
208345,Hi-Tech Pipes Limited
209521,Updater Services Limited
132313,Mahindra Lifespace Developers Limited
100294,NCC Limited
200009,Kolte - Patil Developers Limited
267389,Quess Corp Limited
223397,Stove Kraft Limited
223788,ETHOS LTD.
288827,Sirca Paints India Limited
107205,Tilaknagar Industries Limited
315904,Sagility Limited
277585,Inox Green Energy Services Limited
132732,Kewal Kiran Clothing Limited
318188,Onesource Specialty Pharma Limited
306733,SignatureGlobal (India) Limited
222255,Eris Lifesciences Limited
252076,Power Mech Projects Limited
287237,Ujjivan Small Finance Bank Limited
295768,CSB Bank Limited
217400,Star Health And Allied Insurance Company Limited
116072,Vishnu Chemicals Limited
220674,Jupiter Wagons Limited
132209,The Jammu & Kashmir Bank Limited
290685,Amir Chand Jagdish Kumar (Exports) Ltd
311638,Epack Durable Ltd
287257,GPT Healthcare Limited
112179,Sunteck Realty Limited
105537,Zee Entertainment Enterprises Limited
250958,Ideaforge Technology Limited
132922,Edelweiss Financial Services Limited
304549,Syrma SGS Technology Limited
132626,Pondy Oxides & Chemicals Ltd
240474,Satin Creditcare Network Limited
213397,Keystone Realtors Limited
131147,Alicon Castalloy Limited
213549,Amanta Healthcare Limited
320712,L.T. Elevator Ltd
302244,Krsnaa Diagnostics Limited
324996,^^Vedanta Aluminium Metal Limited
126797,Greenply Industries Limited
126227,Filatex India Limited
101425,Bombay Burmah Trading Corporation Limited
242153,Eureka Forbes Ltd
107717,Dhanuka Agritech Limited
255003,Windlas Biotech Limited
292711,Flair Writing Industries Limited
306605,Innova Captab Limited
317832,Brigade Hotel Ventures Limited
272661,Suryoday Small Finance Bank Limited
105800,Rane Holdings Limited
307711,Anlon Technology Solutions Limited
278701,Five Star Business Finance Limited
267543,Gulf Oil Lubricants India Limited
210320,Interarch Building Solutions Limited
314769,Ecos India Mobility And Hospitality Ltd
233561,ESDS Software Solution Ltd
113262,Steel Strips Wheels Limited
207837,Bansal Wire Industries Limited
317113,Oswal Pumps Limited
226528,Hexagon Nutrition Limited
322344,Knack Packaging Limited
290269,Indiamart Intermesh Limited
132741,Kamdhenu Limited
236257,Artemis Medicare Services Limited
208690,MOIL Limited
293665,Arvind Fashions Limited
293602,Black Buck Ltd
324623,Horizon Reclaim (India) Limited
287820,All Time Plastics Limited
320052,Bluspring Enterprises Ltd
308582,IRM Energy Ltd
306625,Concord Enviro Systems Limited
322110,Onemi Technology Solutions Limited
318903,Lumino Industries Limited
100412,Thirumalai Chemicals Limited
320053,Digitide Solutions Ltd
132162,JK Paper Limited
319066,Finbud Financial Services Limited
106355,Chemplast Sanmar Limited
320220,STL Networks limited
221554,Yatra Online Limited
318419,Gk Energy Limited
117421,Butterfly Gandhimathi Appliances Limited
226019,^^Talwandi Sabo Power Limited
221720,DAM Capital Advisors Limited
284232,Happiest Minds Technologies Limited
325089,^^GSPL Transmission Limited **
325729,^^INOX Renewable Solutions Ltd **
296186,Baazar Style Retail Ltd
132892,Motilal Oswal Financial Services Limited
132356,Triveni Engineering & Industries Limited
208977,Powerica Limited
237831,JSW Infrastructure Ltd
217126,^^Malco Energy Limited
209024,R R Kabel Limited
215584,Fractal Analytics Ltd
324997,^^Vedanta Iron And Steel Limited
209078,Nippon Life India Asset Management Ltd
256461,Divgi Torqtransfer Systems Ltd
222961,Kirloskar Oil Engines Ltd.
288401,Orient Electric Ltd.
100331,Pidilite Industries Limited
322918,Tata Motors Ltd
321331,Tenneco Clean Air India Limited
218771,SPR Auto Technologies Ltd
123457,Linde India Ltd.
132493,ASTRA MICROWAVE PRODUCTS LTD.
100092,CRISIL Ltd.
130005,INDIA CEMENTS LTD.
122287,KALPATARU PROJECTS INTERNATIONAL LIMITED
132733,Sun TV Network Limited
325089,GSPL TRANSMISSION LIMITED
249927,GUJARAT GAS LTD
232604,Medplus Health Services Ltd.
311720,Sundaram Clayton Ltd.
225850,Niva Bupa Health Insurance Company Ltd.
113519,Pitti Engineering Ltd.
100292,HeidelbergCement India Ltd.
132218,The South Indian Bank Ltd.
210850,TATA Capital Ltd.
315602,Sanofi Consumer Healthcare India Ltd.
119600,CCL Products (India) Limited
213597,Minda Corporation Limited
302921,S.J.S. Enterprises Limited
211740,Happy Forgings Limited
223478,Mrs. Bectors Food Specialities Limited
271867,Laurus Labs Limited
132811,Ahluwalia Contracts (India) Limited
250870,Inventurus Knowledge Solutions Limited
241159,Neogen Chemicals Limited
115055,Anant Raj Limited
209099,Rolex Rings Limited
224849,Alembic Pharmaceuticals Limited
117354,Havells India Limited
200115,Titagarh Rail Systems Limited
100292,HeidelbergCement India Limited
132509,Suprajit Engineering Limited
287490,SBFC Finance Limited
317401,Midwest Limited
132809,Firstsource Solutions Limited
228017,Travel Food Services Limited
132178,Engineers India Limited
266384,PDS Limited
319986,Jain Resource Recycling Limited
123405,JM Financial Limited
100825,Britannia Industries Limited
132822,Vodafone Idea Limited
132648,Yes Bank Limited
130965,Indian Oil Corporation Limited
100469,The Federal Bank  Limited
100247,Kotak Mahindra Bank Ltd
112070,UPL Limited
221790,Muthoot Finance Limited
132754,GMR Airports Limited
208238,Godrej Properties Limited
100368,Patanjali Foods Limited
219691,Cochin Shipyard Limited
111243,Cholamandalam Investment and Finance Company Limited
100182,Hero MotoCorp Limited
100034,Bajaj Finance Ltd
100477,Ashok Leyland Limited ^^^
100096,Dabur India Limited
132777,Info Edge India Ltd
279527,Bandhan Bank Limited
271875,Adani Energy Solutions Limited
126299,MphasiS Limited
219700,Mazagon Dock Shipbuilders Limited
100547,Bharat Petroleum Corporation Limited
208801,NBCC (India) Limited
211337,Polycab India Limited
132155,GAIL (India) Limited
100033,Force Motors Limited
228974,360 One WAM Limited
132187,IndusInd Bank Limited ^^^
100124,Dr Reddys Laboratories Limited
100163,Godfrey Phillips India Limited
100408,Tata Elxsi Limited
216156,LTM Limited
216369,NHPC Limited
219442,Lodha Developers Limited
217280,Indian Railway Finance Corporation Limited
208089,Nuvama Wealth Management Ltd
220741,Sammaan Capital Limited
132218,SOUTH INDIAN BANK LTD
132209,JAMMU  KASHMIR BANK LTD
113683,NLC India Ltd. (Neyveli Lignite Corporation Ltd.)
132178,Engineers India Ltd
209068,RBL BANK LTD.
216065,JYOTI CNC AUTOMATION LTD
209420,TATA TECHNOLOGIES LTD
209979,Aditya Birla Sun Life AMC Ltd
305788,YATHARTH HOSPITAL AND TRAUMA CARE SERVICES LTD
100483,TATA COMMUNICATIONS LTD
232793,Ami Organics Ltd
322113,LOHIA CORP LIMITED
132689,PVR LTD.
132486,Pokarna Ltd.
100008,AMARA RAJA ENERGY MOB LTD.
306605,INNOVA CAPTABS LTD
117168,SUBROS LIMITED
130019,JUBILANT PHARMOVA LIMITED
207778,Ashoka Buildcon Limited
108989,NAVNEET EDUCATION LTD
311741,JNK INDIA LIMITED
124372,ORCHID PHARMA LIMITED
200025,ISGEC HEAVY ENGINEERING LTD.
254732,JUNIPER HOTELS LIMITED
324996,VEDANTA ALUMINIUM METAL LTD **
322918,TML COMMERCIAL VEHICLES LIMITED
226019,TALWANDI SABO POWER LTD. **
324997,VEDANTA IRON & STEEL LTD **
217126,MALCO ENERGY LIMITED **
211740,HAPPY FORGINGS LTD
119552,HERITAGE FOODS LTD
271875,Adani Energy Solutions  Limited
242461,Aditya Birla Capital ltd.
132374,STERLITE TECHNOLOGIES LIMITED
226480,Dilip Buildcon Ltd.
132667,Suzlon Energy Ltd
221842,Creditaccess Grameen Limited
132300,Wockhardt Ltd.
113683,NLC India Ltd.
132636,IIFL Finance Limited
210036,Computer Age Management Services
305814,DCX Systems Limited
208977,POWERICA LIMITED
268618,L&T Technology Services Ltd.
200020,Brigade Enterprises Limited.
316146,OCCL Limited
307731,IKIO Technologies Limited
295131,Sterling and Wilson Renewable Energy Ltd.
305013,Motherson Sumi Wiring India Limited
320220,STL NETWORKS LIMITED
308020,Aarti Pharmalabs Limited
208412,Indian Railway Catering And Tourism Corp Ltd
106579,AG Ventures  Limited
311653,Cello World Limited
301912,Clean Science & Technology Ltd
132848,Delta Corp Ltd.
232592,LATENT VIEW ANALYTICS LIMITED
325089,GSPL Transmission Limited
111218,Shriram Finance Ltd
233063,Lenskart Solutions Ltd
132286,Jindal Steel & Power Limited
211840,Mankind Pharma Ltd
323093,MEESHO LTD
324996,Vedanta Aluminium Metal Ltd
315602,SANOFI CONSUMER HEALTHCARE
132331,Ajanta Pharmaceuticals Limited
289108,Delhivery Ltd
123642,PI Industries Litmited
229852,Pine Labs Ltd
273811,Manipal Health Enterprises Ltd. A**
117174,Honeywell Automation India Limited
200057,Afcons Infrastructure Ltd
217126,Malco Energy Ltd
226019,Talwandi Sabo Power Ltd
324997,Vedanta Iron and Steel Ltd
294388,Ather Energy Ltd
132144,WELSPUN CORP LIMITED
132754,GMR Airport Ltd
200054,V-Guard Industries Limited
209024,RR Kabel Ltd
100027,Atul Limited
287490,SBFC Finance Ltd
274066,AMAGI MEDIA LABS LTD
235506,METROPOLIS HEALTHCARE LIMITED
223430,Vedant Fashions Private Limited
209147,SAI Life Sciences Ltd
321652,Milky Mist Dairy Food Ltd.
318188,Onesource Speciality Pharma Ltd
211740,Happy Forgings Ltd
290184,Solara Active Pharma Sciences Limited
101209,Maestros Mediline Systems Ltd.
226636,MMS Infrastructure Ltd.
217689,Magnasound (India) Pvt Ltd.
226720,KALYAN JEWELLERS INDIA LTD
122275,GE Vernova T&D India Ltd
222264,PG Electroplast Ltd
132539,Minda Industries Ltd
103100,Phoenix Mills Limited
217376,Life Insurance Corp of India
100570,TATA MOTORS PASSENGER VEHICL
100163,GODFREY PHILLIPS INDIA LTD
317635,Vishal Mega Mart Ltd
228974,360 ONE WAM Ltd
100490,Bajaj Holdings & Investments Limited
305799,Kfin Technologies Ltd
208089,NUVAMA WEALTH MANAGEMENT LTD
217396,Canara HSBC Life Insurance Co.Ltd.
303107,Sapphire Foods India Ltd.
304684,Capillary Technologies India Ltd.
132174,ICICI Bank Ltd
100850,Indian Hotels Co Ltd
100180,HDFC Bank Ltd
252306,Eternal Ltd
100469,Federal Bank Ltd
132343,TVS Motor Co Ltd
210072,Dixon Technologies (India) Ltd
100049,Bharat Electronics Ltd
132454,Bharti Airtel Ltd
100520,Mahindra & Mahindra Ltd
254493,PB Fintech Ltd
132539,Uno Minda Ltd
100251,Trent Ltd
208766,Multi Commodity Exchange Of India Ltd
132725,Solar Industries India Ltd
111243,Cholamandalam Investment and Finance Co Ltd
218071,Max Healthcare Institute Ltd
132644,J.K. Cement Ltd
100209,Infosys Ltd
132488,Divi's Laboratories Ltd
132779,Torrent Power Ltd
100400,Tata Power Co Ltd
100488,Abbott India Ltd
100840,EIH Ltd
100800,Tata Consumer Products Ltd
220018,Oberoi Realty Ltd
219494,Hindustan Aeronautics Ltd
122205,Praj Industries Ltd
123395,3M India Ltd
220350,L&T Finance Ltd
279664,Global Health Ltd
124715,Sun Pharmaceutical Industries Ltd
132497,Radico Khaitan Ltd
100040,Aditya Birla Real Estate Ltd
207872,Bharti Hexacom Ltd
100440,Hindalco Industries Ltd
132889,K.P.R. Mill Ltd
100470,Tata Steel Ltd
132478,United Breweries Ltd
296765,Hitachi Energy India Ltd
124200,Vinati Organics Ltd
132331,Ajanta Pharma Ltd
100092,CRISIL Ltd
200515,ZF Commercial Vehicle Control Systems India Ltd
100093,CG Power and Industrial Solutions Ltd
126612,Blue Dart Express Ltd
122275,Ge Vernova T&D India Ltd
100325,Reliance Industries Ltd
215367,Jubilant Foodworks Ltd
123457,Linde India Ltd
109930,Supreme Industries Ltd
223478,Mrs Bectors Food Specialities Ltd
132540,Tata Consultancy Services Ltd
123642,PI Industries Ltd
280713,Crompton Greaves Consumer Electricals Ltd
228049,Anthem Biosciences Ltd
210036,Computer Age Management Services Ltd
100067,Blue Star Ltd
311653,Cello World Ltd
269404,Tube Investments of India Ltd
268618,L&T Technology Services Ltd
100510,Larsen & Toubro Ltd
132375,Tips Music Ltd
221877,Waaree Energies Ltd
221842,Creditaccess Grameen Ltd
100312,Oil & Natural Gas Corporation Ltd
100420,Torrent Pharmaceuticals Ltd
132500,Maruti Suzuki India Ltd
190071,Sundaram Finance Ltd
286335,AU Small Finance Bank Ltd
100495,Escorts Kubota Ltd
132538,Ultratech Cement Ltd
223586,Sbi Funds Management Ltd
215477,Endurance Technologies Ltd
132541,Coforge Ltd
100290,MRF Ltd
100257,Lupin Ltd
205198,Bajaj Finserv Ltd
100825,Britannia Industries Ltd
132281,HCL Technologies Ltd
225998,TCI Express Ltd
223788,The Ethos Ltd.
254962,Rubicon Research Ltd
302427,Vijaya Diagnostic Centre Ltd.
132808,Pearl Global Industries Ltd.
209220,Sharda Motor Industries Ltd
123025,Safari Industries India Ltd
249675,Sedemac Mechatronics Ltd
321202,Omnitech Engineering Ltd.
209099,Rolex Rings Ltd.
295732,Greenpanel Industries Ltd
311720,Sundaram Clayton DCD Ltd.
303180,Prudent Corporate Advisory Services Ltd
314702,Crizac Ltd
218929,Sai Silks (Kalamandir) Ltd.
303322,C.E.Info Systems Ltd.
226720,Kalyan Jewellers India Ltd
100400,The Tata Power Company Ltd.
209867,Adani Power (Mundra) Limited
208766,Multi Commodity Exchange of India L
221809,INOX Wind Limited
132234,National Aluminium Co. Ltd.
219700,Mazagon Dock Shipbuilders Ltd
209037,Rail Vikas Nigam Ltd
100490,Bajaj Holdings & Investment Ltd
305799,KFin Technologies Ltd
100180,HDFC BANK LTD
132215,AXIS BANK LTD
100325,RELIANCE INDUSTRIES LTD
132454,BHARTI AIRTEL LTD
132822,VODAFONE IDEA LTD
100113,STEEL AUTHORITY INDIA LTD
209967,INDUS TOWERS LTD
100112,STATE BANK OF INDIA
100696,HINDUSTAN UNILEVER LTD
100440,HINDALCO INDUSTRIES LTD
100049,BHARAT ELECTRONICS LTD
132174,ICICI BANK LTD
219494,HINDUSTAN AERONAUTICS LTD
132343,TVS MOTOR COMPANY LTD
100247,KOTAK MAHINDRA BANK LTD
100103,BHARAT HEAVY ELECTRICALS LTD
100228,JSW STEEL LTD
219300,COAL INDIA LTD
217389,HDFC LIFE INSURANCE CO. LTD
289554,ADANI GREEN ENERGY LTD
130965,INDIAN OIL CORPORATION LTD
126371,NMDC LTD
131213,MANAPPURAM FINANCE LTD
278580,IDFC FIRST BANK LTD
100480,CUMMINS INDIA LTD
208280,HDFC ASSET MANAGEMENT COMPANY LTD
271875,ADANI ENERGY SOLUTIONS LTD
209550,VARUN BEVERAGES LTD
100425,AMBUJA CEMENTS LTD
132488,DIVI LABORATORIES LTD
279527,BANDHAN BANK LTD
100477,ASHOK LEYLAND LTD
100875,ITC LTD
132523,BIOCON LTD
100470,TATA STEEL LTD
132296,GLENMARK PHARMACEUTICALS LTD
132921,ADANI PORTS AND SPECIAL ECONOMIC ZONE LTD
112599,ADANI ENTERPRISES LTD
100312,OIL & NATURAL GAS CO.
100271,MAX FINANCIAL SERVICES LTD
132424,GODREJ CONSUMER PRODUCTS LTD
208238,GODREJ PROPERTIES LTD
100469,FEDERAL BANK LTD
132725,SOLAR INDUSTRIES INDIA LTD
132187,INDUSIND BANK LTD
132648,YES BANK LTD
280713,CROMPTON GREAVES CONSUMER ELECTRICALS LTD
208461,JSW ENERGY LTD
217376,LIFE INSURANCE CORPORATION OF INDIA
100400,TATA POWER COMPANY LTD
132868,DLF LTD
100547,BHARAT PETROLEUM CORPORATION LTD
209068,RBL BANK LTD
108869,APOLLO HOSPITALS ENTERPRISE LTD
111243,CHOLAMANDALAM INVESTMENT & FINANCE CO LTD
100850,INDIAN HOTELS CO. LTD
124804,AUROBINDO PHARMA LTD
100510,LARSEN & TOUBRO LTD
131344,CONTAINER CORPORATION OF INDIA LTD
217379,ICICI LOMBARD GENERAL INSURANCE CO. LTD
100253,LIC HOUSING FINANCE LTD
219700,MAZAGON DOCK SHIPBUILDERS LTD
132286,JINDAL STEEL LTD
221790,MUTHOOT FINANCE LTD
132777,INFO EDGE (INDIA) LTD
132754,GMR AIRPORTS LTD
100800,TATA CONSUMER PRODUCTS LTD
224623,INDIAN ENERGY EXCHANGE LTD
122275,GE VERNOVA T&D INDIA LTD
208801,NBCC INDIA LTD
190059,APL APOLLO TUBES LTD
208766,MULTI COMMODITY EXCHANGE OF IND LTD
100096,DABUR INDIA LTD
100368,PATANJALI FOODS LTD
132843,FORTIS HEALTHCARE LTD
218071,MAX HEALTHCARE INSTITUTE LTD
100034,BAJAJ FINANCE LTD
205198,BAJAJ FINSERV LTD
286335,AU SMALL FINANCE BANK LTD
132810,POWER FINANCE CORPORATION  LTD
132667,SUZLON ENERGY LTD
100420,TORRENT PHARMACEUTICALS LTD
131642,MARICO LTD
210036,COMPUTER AGE MANAGEMENT SERVICES LTD
111218,SHRIRAM FINANCE LTD
100209,INFOSYS LTD
132538,ULTRATECH CEMENT LTD
100257,LUPIN LTD
211337,POLYCAB INDIA LTD
211385,SBI LIFE INSURANCE COMPANY LTD
132541,COFORGE LTD
132540,TATA CONSULTANCY SERVICES LTD
222055,INTERGLOBE AVIATION LTD
109930,SUPREME INDUSTRIES LTD
132898,POWER GRID CORPORATION OF INDIA LTD
100331,PIDILITE INDUSTRIES  LTD
100087,CIPLA LTD
269404,TUBE INVESTMENTS OF INDIA LTD
100820,ASIAN PAINTS LTD
103100,THE PHOENIX MILLS LTD
132234,NATIONAL ALUMINIUM CO. LTD
207950,CENTRAL DEPOSITORY SERVICES (INDIA) LTD
100188,HINDUSTAN ZINC LTD
112070,UPL LTD
254493,PB FINTECH LTD
103806,SRF LTD
132755,TECH MAHINDRA LTD
132432,UNITED SPIRITS LTD
100295,VEDANTA LTD
100530,BOSCH LTD
100104,HINDUSTAN PETROLEUM CORPORATION LTD
126299,MPHASIS LTD
105200,EICHER MOTORS LTD
132155,GAIL ( INDIA ) LTD
132321,ZYDUS LIFESCIENCES LTD
100490,BAJAJ HOLDINGS & INVESTMENT LTD
208883,ONE 97 COMMUNICATIONS LTD
100520,MAHINDRA & MAHINDRA LTD
132281,HCL TECHNOLOGIES LTD
225051,SBI CARDS AND PAYMENT SERVICES LTD
217757,PNB HOUSING FINANCE LTD
100182,HERO MOTOCORP LTD
132500,MARUTI SUZUKI INDIA LTD
124715,SUN PHARMACEUTICAL INDUSTRIES LTD
100790,NESTLE INDIA LTD
209037,RAIL VIKAS NIGAM LTD
213838,PRESTIGE ESTATES PROJECTS LTD
100300,GRASIM INDUSTRIES LTD
100493,BHARAT FORGE LTD
100830,COLGATE-PALMOLIVE INDIA LTD
221809,INOX WIND LTD
100575,VOLTAS LTD
100114,TITAN COMPANY LTD
132539,UNO MINDA LTD
212427,ALKEM LABORATORIES LTD
132830,ASTRAL LTD (ERSTWHILE ASTRAL POLY TECHNIK LTD)
210258,ICICI PRUDENTIAL LIFE INSURANCE COMPANY LTD
271867,LAURUS LABS LTD
132522,PETRONET LNG LTD
100093,CG POWER AND INDUSTRIAL SOLUTIONS LTD
293380,DALMIA BHARAT LTD
252306,ETERNAL LTD
200132,BAJAJ AUTO LTD
117354,HAVELLS INDIA LTD
302988,FSN E COMMERCE VENTURES LTD
219442,LODHA DEVELOPERS LTD
215367,JUBILANT FOODWORKS LTD
100825,BRITANNIA INDUSTRIES LTD
208361,HYUNDAI MOTOR INDIA LTD
223595,AVENUE SUPERMARTS LTD
228974,360 ONE WAM LTD
100086,EXIDE INDUSTRIES LTD
216369,NHPC LTD
210590,PERSISTENT SYSTEMS LTD
220350,L&T FINANCE LTD
220018,OBEROI REALTY LTD
220741,SAMMAAN CAPITAL LTD
225154,AMBER ENTERPRISES INDIA LTD
214179,SONA BLW PRECISION FORGINGS LTD
221877,WAAREE ENERGIES LTD
304714,Aether Industries Ltd.
277614,Jupiter Life Line Hospitals Ltd.
241214,Paradeep Phosphates Ltd.
284503,ASK Automotive Ltd.
254962,Rubicon Research Ltd.
215216,Craftsman Automation Ltd.
107880,VIP Industries Ltd.
317832,Brigade Hotel Ventures Ltd.
311915,Stanley Lifestyles Ltd.
223478,Mrs. Bectors Food Specialities Ltd.
222263,Kalpataru Ltd.
106222,Styrenix Performance Materials Ltd.
100495,Escorts Kubota Ltd.
228049,Anthem Biosciences Ltd.
100660,Glaxosmithkline Pharmaceuticals Ltd.
226076,Triveni Turbine Ltd.
231440,Allied Blenders And Distillers Ltd.
132541,EQ - COFORGE LTD
210072,EQ - DIXON TECHNOLOGIES (INDIA) LTD
132777,EQ - INFO-EDGE (INDIA) LTD.
210590,EQ - PERSISTENT SYSTEMS LTD.
223595,EQ - AVENUE SUPERMARTS LTD.
216156,EQ - LTM Limited
279664,EQ- GLOBAL HEALTH LTD.
218763,EQ - DR LAL PATHLABS LTD.
132331,EQ - AJANTA PHARMA LTD.
211337,EQ - POLYCAB INDIA LTD
132488,EQ - DIVIS LABORATORIES LTD.
132830,EQ - ASTRAL LTD.
111243,EQ - CHOLAMANDALAM INVESTMENT & FIN
100331,EQ - PIDILITE INDUSTRIES LTD.
100420,EQ - TORRENT PHARMACEUTICALS LTD.
229238,EQ - AFFLE 3I LIMITED
106076,EQ - GRINDWELL NORTON LTD.
100093,EQ - CG POWER & IND SOLUTIONS LTD
124494,EQ - IPCA LABORATORIES LTD.
235355,EQ - GLAND PHARMA LTD.
131642,EQ - MARICO LTD
131768,EQ - POLY MEDICURE LTD
286335,EQ - AU SMALL FINANCE BANK LTD
117354,EQ - HAVELLS INDIA LTD.
109480,EQ - BERGER PAINTS INDIA LTD.
123642,EQ - P I INDUSTRIES LTD
267615,EQ - AAVAS FINANCIERS LTD.
215367,EQ - JUBILANT FOODWORKS LTD.
123395,EQ - 3M INDIA LTD.
233063,EQ - LENSKART SOLUTIONS LTD
323093,EQ - MEESHO LTD
301912,EQ - CLEAN SCIENCE & TECHNOLOGY LTD
208727,EQ - METRO BRANDS LTD
132343,EQ - TVS MOTOR COMPANY LTD
228465,EQ - UNITED FOODBRANDS LTD
100387,EQ - SHREE CEMENT LTD.
228049,EQ - ANTHEM BIOSCIENCES LTD
222255,EQ - ERIS LIFESCIENCES LTD
233156,EQ - ROSSARI BIOTECH LTD
211969,EQ - SHEELA FOAM LTD.
132827,EQ - PAGE INDUSTRIES
105790,EQ - SCHAEFFLER INDIA LTD
116068,EQ - MUKERIAN PAPERS LTD.
112424,EQ - MTZ POLFILMS LTD.
115003,EQ - SPARTEK CERAMICS INDIA LTD.
217805,EQ - NIHON NIRMAN LTD.
297629,EQ - COHANCE LIFESCIENCES LIMITED
290269,EQ - INDIAMART INTERMESH LTD
305013,EQ - MOTHERSON SUMI WIRING INDIA LT
209373,EQ - SYNGENE INTERNATIONAL LTD.
208099,Emcure Pharmaceuticals Ltd.
124019,Kingfa Science & Technology India Ltd.
207945,Star Cement Ltd.
119600,CCL Products (India) Ltd.
225213,Nvidia Corporation
218241,Microsoft Corporation
122241,MM Forgings Ltd.
200082,Mahindra Holidays & Resorts Ind Ltd.
132796,Lumax Auto Technologies Ltd
219236,Thangamayil Jewellery Ltd
222961,Kirloskar Oil Engines Ltd
214084,Sansera Engineering Ltd
132144,Welspun Corp Ltd
218771,Shriram Pistons & Rings Limited
222414,Dodla Dairy Ltd
200017,eClerx Services Ltd
124494,IPCA Laboratories Ltd
132783,LT Foods Ltd
301578,Jubilant Ingrevia Ltd
235355,Gland Pharma Ltd
210039,Concord Biotech Ltd
132175,Cyient Ltd
305179,Harsha Engineers International Ltd
132509,Suprajit Engineering Ltd
132757,Voltamp Transformers Ltd
217757,PNB Housing Finance Ltd
124348,Aarti Drugs Ltd
100407,Swaraj Engines Ltd
132356,Triveni Engineering & Industries Ltd
100027,Atul Ltd
272156,Greenlam Industries Ltd
123301,TCPL Packaging Ltd
132259,Apar Industries Ltd
107717,Dhanuka Agritech Ltd
123385,Nilkamal Ltd
105726,IFB Industries Ltd
132504,Navin Fluorine International Ltd
209024,R R Kabel Ltd
102986,Vardhman Textiles Ltd
218761,Mold-Tek Packaging Limited
123025,Safari Industries (India) Ltd
214179,Sona Blw Precision Forgings Ltd
226156,Anand Rathi Wealth Ltd
304701,Campus Activewear Ltd
325669,Triveni Power Transmission Ltd^
120111,Ratnamani Metals & Tubes Ltd
105533,Westlife Foodworld Ltd
126951,Stylam Industries Ltd
209099,Rolex Rings Ltd
293601,Archean Chemical Industries Ltd
100444,West Coast Paper Mills Ltd
216564,Prince Pipes and Fittings Ltd
221661,Aadhar Housing Finance Ltd
224849,Alembic Pharmaceuticals Ltd
209165,Sandhar Technologies Ltd
124091,Carysil Ltd
126947,La Opala RG Ltd
103806,SRF Ltd
287237,Ujjivan Small Finance Bank Ltd
226627,Sharda Cropchem Ltd
299229,Borosil Ltd
217396,Canara HSBC Life Insurance Company Limited
100171,GHCL Ltd
211969,Sheela Foam Ltd
106655,Sudarshan Chemical Industries Ltd
109488,Graphite India Ltd
209902,Angel One Ltd
120051,Jamna Auto Industries Ltd
311741,JNK India Ltd
122215,HLE Glascoat Ltd
295768,CSB Bank Ltd
132735,R Systems International Ltd
190006,Amrutanjan Health Care Ltd
310497,GHCL Textiles Limited
132508,Jindal Stainless Limited
308764,Honasa Consumer Limited
301987,Alivus Life Sciences Limited
100249,KSB Limited
100770,Tata Chemicals Limited
318571,Indiqube Spaces Limited
225036,SG Finserve Limited
200047,Globus Spirits Limited
100411,Thermax Limited
322715,Behari Lal Engineering Limited
220532,PTC India Financial Services Limited
294914,Go Digit General Insurance Limited
132843,Fortis Healthcare Ltd
100493,Bharat Forge Ltd
106395,Coromandel International Ltd
132286,Jindal Steel Ltd
100575,Voltas Ltd
117569,KEI Industries Ltd
212427,Alkem Laboratories Ltd
209967,Indus Towers Ltd
200091,Oil India Ltd
100104,Hindustan Petroleum Corporation Ltd
104973,Cholamandalam Financial Holdings Ltd
208238,Godrej Properties Ltd
132810,Power Finance Corporation Ltd
211337,Polycab India Ltd
218756,HDB Financial Services Ltd
131162,Emami Ltd
209373,Syngene International Ltd
208607,LG Electronics India Ltd
132630,Gokaldas Exports Ltd.
209979,Aditya Birla Sun Life Amc Ltd.
100101,Arvind Ltd.
102090,Sagar Cements Ltd.
323819,Shiprocket Ltd.
275037,Elin Electronics Ltd.
322716,Kusumgar Ltd.
303704,CMR Green Technologies Ltd.
249675,Sedemac Mechatronics Ltd.
209420,Tata Technologies Ltd.
123395,3M India Ltd.
296043,Wakefit Innovations Ltd.
221194,TeamLease Services Ltd.
200007,Jyothy Labs Ltd.
216065,Jyoti CNC Automation Ltd.
304701,Campus Activewear Ltd.
303125,Le Travenues Technology Limited
311742,DOMS Industries Limited
190073,Wheels India Ltd.
117544,Centum Electronics Ltd.
100335,Birla Corporation Ltd.
208727,METRO BRANDS LIMITED
267543,Gulf Oil Lubricants India Ltd.
132443,Cera Sanitaryware Ltd
237742,INDO-MIM Limited
123385,Nilkamal Ltd.
267465,Shyam Metalics and Energy Limited
312105,Entero Healthcare Solutions Ltd
200046,KNR Constructions Limited
237191,V-Mart Retail Limited
106943,J B Chemicals and Pharma Ltd
216156,LTM Limited ‡
244937,PTC Industries Ltd
190032,Zen Technologies Limited
296367,Ola Electric Mobility Ltd
109496,Cemindia Projects Ltd
132915,Religare Enterprises Limited
221842,Creditaccess Grameen Ltd.
111243,Cholamandalam Investment & Finance Company Ltd.
208364,ICICI Prudential Asset Mgmt Co Ltd.
209232,Bikaji Foods International Ltd.
207872,Bharti Hexacom Ltd.
310018,Netweb Technologies India Ltd.
318678,ITC Hotels Ltd.
109480,Berger Paints (I) Ltd.
105700,Elecon Engineering Company Ltd.
302921,S.J.S. Enterprises Ltd.
218771,SPR Auto Technologies Ltd.
302427,VIJAYA DIAGNOSTIC CENTRE PVT
213597,MINDA CORPORATION LIMITED
278701,Five Star Business Finance Ltd
109557,GARWARE TECHNICAL FIBRES LTD.
235506,METROPOLIS HEALTHCARE LTD.
200020,BRIGADE ENTERPRISES LIMITED
237191,V-MART RETAIL LTD.
210949,ADITYA INFOTECH LIMITED
224849,Alembic Pharmaceuticals Ltd.
251791,APTUS VALUE HOUSING FINANCE
287237,Ujjivan Small Finance Bank Ltd.
208045,DEVYANI INTERNATIONAL LIMITED
209024,R R KABEL LTD
301578,JUBILANT INGREVIA LTD.
132313,MAHINDRA LIFESPACE DEVELOPERS LTD
190003,KARUR VYSYA  BANK LTD.
131266,V.S.T Tillers Tractors Ltd
132638,Shopper Stop Ltd.
234556,CMS INFO SYSTEMS LIMITED
287433,ACME SOLAR HOLDINGS LTD.
207837,BANSAL WIRE INDUSTRIES LIMITED
108486,HAWKINS COOKER LTD
288401,ORIENT ELECTIC LIMITED
311571,MAX ESTATES LIMITED
250978,SURAKSHA DIAGNOSTIC  LTD
311653,CELLO WORLD LTD.
304684,CAPILLARY TECHNOLOGIES
229218,MEDI ASSIST HEALTHCARE SERVICES LIMITED
132129,HEXAWARE TECHNOLOGIES LTD.
105872,WPIL LTD
323260,SHADOWFAX TECHNOLOGIES LTD
218771,SPR AUTO TECHNOLOGIES LTD.
226159,ANAND RATHI SHARE AND STOCK BROKERS LIMITED
322366,PHYSICSWALLAH LIMITED
221842,CreditAccess Grameen Ltd.
232793,AMI Organics Ltd.
132493,Astra Microwave Products Ltd.
100339,Rain Industries Ltd.
307332,Piramal Pharma Ltd.
107880,V.I.P. Industries Ltd.
109079,Gufic Biosciences Ltd.
106820,Astrazeneca Pharma India Ltd.
120113,Vesuvius India Ltd
293601,Archean Chemicals Ltd.
117146,Usha Martin Ltd.
213862,Aequs Ltd
132834,Camlin Fine Sciences Ltd.
100730,National Organic Chemical Ltd.
213597,Minda Corporation Ltd.
100040,Aditya Birla Real Estate Ltd.
109488,Graphite India Ltd.
132400,Birlasoft Ltd.
293537,Clean Max Enviro Energy Solutions Ltd.
209492,UTI Asset Management Co Ltd
209532,VA Tech Wabag Ltd.
209979,Aditya Birla Sun Life AMC Ltd.
210591,Aditya Birla Fashion and Retail Ltd.
100378,Jindal Saw Ltd.
100412,Thirumalai Chemicals Ltd
106767,Alkyl Amines Chemicals Ltd.
218764,Thyrocare Technologies Ltd.
123405,Jm Financial Ltd.
221645,Krishna Institute of Medical Sciences
100180,HDFC Bank Ltd $$ ~~
132215,Axis Bank Ltd
100325,Reliance Industries Ltd # ~~
108869,Apollo Hospitals Enterprise Ltd
131642,Marico Ltd
100087,Cipla Ltd
222055,Interglobe Aviation Ltd
132555,NTPC Ltd
100300,Grasim Industries Ltd
100477,Ashok Leyland Ltd
100547,Bharat Petroleum Corporation Ltd
210850,Tata Capital Ltd
100820,Asian Paints Ltd
213838,Prestige Estates Projects Ltd
228974,360 One Wam Ltd
100086,Exide Industries Ltd
117354,Havells India Ltd
101423,Shaily Engineering Plastics Ltd
232604,MedPlus Health Services Ltd
100084,CESC Ltd
271581,Intellect Design Arena Ltd
213429,Lemon Tree Hotels Ltd
304549,Syrma SGS Technology Ltd
235506,Metropolis Healthcare Ltd
221194,Teamlease Services Ltd
200007,Jyothy Labs Ltd
100008,Amara Raja Energy And Mobility Ltd
132259,APAR INDUSTRIES LTD
211740,HAPPY FORGINGS LIMITED
209147,Sai Life Sciences Ltd.
302427,VIJAYA DIAGNOSTIC CENTRE LIMITED
124558,Neuland Laboratories Ltd
215216,CRAFTSMAN AUTOMATION LIMITED
132892,Motilal Oswal Financial Services
100144,FINOLEX CABLES LTD
244937,PTC INDUSTRIES LIMITED
305799,KFIN Technologies Limited
120111,Ratnamani Metals & Tubes Limited
216065,Jyoti Cnc Automation Ltd
208763,Mtar Technologies Limited
100405,SUPREME PETROCHEM LIMITED
100003,AEGIS LOGISTICS LTD
121016,INDO COUNT INDUSTRIES LIMITED
132300,WOCKHARDT LTD
132443,Cera Sanitaryware Limited
275316,CarTrade Tech Limited
209232,BIKAJI FOODS INTERNATIONAL LIMITED
220869,TECHNO ELECTRIC & ENGINEERING COMPANY LI
105283,KIRLOSKAR PNEUMATIC CO.LTD.
200115,TITAGARH RAIL SYSTEMS LIMITED
221645,Krishna Institute of Medical Science Ltd
307061,AVALON TECHNOLOGIES LIMITED
315904,SAGILITY INDIA LIMITED
200515,ZF Comm. Vehicle Control Systems Ind Ltd
301603,PARAS DEFENCE AND SPACE TECHNOLOGIES LTD
106767,Alkyl Amines Chemicals Limited
223409,Dhoot Transmission Limited
207901,BSE Ltd
209220,Sharda Motor Industries Limited
293862,SWIGGY LIMITED
212793,Carraro India Ltd
273811,Manipal Health Enterprises Limited
100940,FINOLEX INDUSTRIES LTD
100378,Jindal Saw Ltd
213327,Housing and Urban Development Corp. Ltd.
119126,Hindustan Foods Ltd
316263,Senores Pharmaceuticals Limited
131548,SOMANY CERAMICS LIMITED
320775,KSH INTERNATIONAL LIMITED
318597,Seshaasai Technologies Limited
123025,SAFARI INDUSTRIES (INDIA) LIMITED
235955,Home First Finance Company India Limited
200094,PNC INFRATECH LIMITED
311653,CELLO WORLD LIMITED
132809,FIRSTSOURCE SOLUTIONS LTD
223187,Kaynes Technology India Private Ltd
126586,WIM PLAST LTD
220512,SJVN Limited
132522,Petronet LNG Ltd
131344,Container Corporation Of India Ltd
100696,Hindustan Unilever Ltd
100875,ITC Ltd
208727,Metro Brands Ltd
293380,Dalmia Bharat Ltd
297629,Cohance Lifesciences Ltd
132548,Century Plyboards (India) Ltd
225051,SBI Cards and Payment Services Ltd
132811,Ahluwalia Contracts (India) Ltd
132714,KEC International Ltd
325089,GSPL Transmission Ltd^
217688,City Online Services Ltd**
100182,Hero MotoCorp Ltd
100410,ACC Limited
100413,Thomas Cook  (India)  Limited
218763,DR.Lal Pathlabs Ltd
209147,SAI LIFE SCIENCES LIMITED
274045,RAINBOW CHILDRENS MEDICARE LTD
112529,VIYASH SCIENTIFIC LTD
217842,Godrej Agrovet Ltd.
240461,JANA SMALL FINANCE BANK
317139,NTPC GREEN ENERGY LIMITED
208763,MTAR TECHNOLOGIES LIMITED
307332,PIRAMAL PHARMA LIMITED
322716,KUSUMGAR LTD
240920,TEMPSENS INSTRUMENTS (INDIA) LIMITED
223586,SBI FUNDS MANAGEMENT LIMITED
238594,LASER POWER & INFRA LTD
210850,TATA CAPITAL LTD.
221842,CREDITACCESS GRAMEEN LTD.
190032,ZEN TECHNOLOGIES LTD
208364,ICICI PRUDENTIAL ASSET MANAGEMENT COMPANY LTD.
323597,KWALITY WALLS INDIA LIMITED
219442,MACROTECH DEVELOPERS LTD
210850,Tata Capital Limited
225213,Nvidia Corp Com
312312,Taiwan Semiconductor Sp ADR
299781,Astrazeneca PLC
280755,TJX ORD
226187,Visa Inc
298470,Parker-Hannifin Corp
218161,Coca Cola Co.
298322,Arista Networks Inc
225198,KLA Corporation
295047,Autozone Inc
295638,Uber Technologies Inc
323093,Meesho Limited
132720,Mahindra & Mahindra Financial Serv Ltd.
310018,Netweb Technologies India Limited
131768,Poly Medicure Ltd
100093,CG Power And Industrial Solutions Ltd
288028,Atlanta Electricals Limited
226076,TRIVENI TURBINE LTD.
123398,Bosch Home Comfort India Limited
100092,CRISIL Limited
287433,ACME Solar Holdings Ltd.
105714,GABRIEL INDIA LIMITED
208364,ICICI Prudential AMC Ltd
132755,Tech Mahindra Ltd
100114,Titan Co Ltd
200132,Bajaj Auto Ltd
211385,SBI Life Insurance Co Ltd
100124,Dr. Reddy's Laboratories Ltd
208280,HDFC Asset Management Co Ltd
105200,Eicher Motors Ltd
323597,Kwality Wall’s India Ltd
208364,ICICI Prudential Asset Management Co Ltd
100410,ACC Ltd
213800,Popular Vehicles and Services Limited
223788,Ethos Ltd.
320396,Corona Remedies Limited
274041,Dr Agarwals Health Care Limited
297249,Wework India Management Limited
322950,SKF INDIA Industrial Ltd.
293665,Arvind Fashions Ltd.
227347,Credit Analysis And Research Ltd.
111196,Can Fin Homes Ltd.
105010,Automotive Axles Ltd
274066,Amagi Media Labs Ltd
209370,Symbiotec Pharmalab Ltd.
323597,Kwality Walls (India) Limited
304714,Aether Industries Limited
100878,CEAT Limited
100210,Ingersoll Rand (India) Limited
215605,Gaja Alternative Asset Management Ltd
100150,Foseco India Limited
223478,Mrs. Bectors Food Specialities Ltd
132808,Pearl Global Industries Limited
252076,POWER MECH PROJECTS LIMITED
219236,Thangamayil Jewellery Limited
241214,PARADEEP PHOSPHATES LIMITED
200047,GLOBUS SPIRITS LIMITED
107880,VIP Industries Limited
103960,Bharat Bijlee Ltd.
319926,PARK MEDI WORLD LIMITED (PARK HOSPITAL)
228049,ANTHEM BIOSCIENCES LTD
213046,EMMVEE PHOTOVOLTAIC POWER LIMITED
223666,DEE DEVELOPMENT ENGINEEERS LTD
223409,DHOOT TRANSMISSION LIMITED
322180,MOLBIO DIAGNOSTICS LIMITED
320775,KSH INTERNATIONAL
283207,VIKRAM SOLAR LIMITED
306625,CONCORD ENVIRO SYSTEMS LIMITED
132720,Mahindra & Mahindra Financial Services Ltd
100480,Cummins India Ltd
100469,The Federal Bank Ltd
278580,IDFC First Bank Ltd
122275,GE Vernova T and D India Ltd
132187,IndusInd Bank Ltd
103100,The Phoenix Mills Ltd
100411,Thermax Ltd
132843,Fortis Health Care Ltd
302988,FSN E–Commerce Ventures Ltd(NYKAA)
228974,360 ONE WAM Ltd (Prev IIFL Wealth Management Ltd)
132343,TVS Motor Company Ltd
218763,Dr Lal Path Labs Ltd
120056,TVS Holdings Ltd
132892,Motilal Oswal Financial Services Ltd
132644,JK Cement Ltd
200515,ZF Commercial Vehicle Control Systems I Ltd
132234,National Aluminium Company Ltd
132539,UNO Minda Ltd
208045,Devyani international limited
106401,Deepak Nitrite Ltd
106076,Grindwell Norton Ltd
207959,Chalet Hotels Ltd
100245,Kirloskar Ferrous Ind Ltd
109480,Berger Paints (I) Ltd
100830,Colgate Palmolive (India) Ltd
100459,Procter & Gamble Hygiene and Health Care Ltd
209967,Indus Towers Ltd (Prev Bharti Infratel Ltd)
216369,NHPC Ltd
280713,Crompton Greaves Cons Electrical Ltd.
132921,Adani Ports & Special Economic Zone Ltd.
210258,ICICI Prudential Life Insurance Co Ltd.
209550,VARUN BEVERAGES LIMITED
208801,National Buildings Construction Corporation Ltd.
217379,ICICI Lombard General Insurance Co. Ltd.
305799,KFIN Technologies Ltd.
214179,Sona BLW Precision Forgings Ltd.
221877,Waaree Energies Ltd.
100233,Kajaria Ceramics Ltd
200020,Brigade Enterprises Ltd
132772,DCB Bank Ltd
209068,RBL Bank Ltd
104067,Zensar Technologies Ltd
321331,Tenneco Clean Air India Ltd
208763,MTAR Technologies Ltd
303125,Le Travenues Technology Ltd
132784,Sobha Ltd
132129,Hexaware Technologies Ltd
222554,Data Patterns India Ltd
190003,Karur Vysya Bank Ltd
303107,Sapphire Foods India Ltd
303575,Electronics Mart India Ltd
214816,Akums Drugs And Pharmaceuticals Ltd
100940,Finolex Industries Ltd
130005,The India Cements Ltd
237191,V-Mart Retail Ltd
100144,Finolex Cables Ltd
132210,City Union Bank Ltd
322610,Shankara Buildpro Ltd
305013,Motherson Sumi Wiring India Ltd
105700,Elecon Engineering Co Ltd
221033,Aster DM Healthcare Ltd
210217,HealthCare Global Enterprises Ltd
119600,CCL Products (India) Ltd
131761,Apollo Pipes Ltd
100238,Whirlpool Of India Ltd
307332,Piramal Pharma Ltd
116072,Vishnu Chemicals Ltd
132683,AIA Engineering Ltd
100214,Ion Exchange (India) Ltd
250958,Ideaforge Technology Ltd
321317,Juniper Green Energy Ltd
105283,Kirloskar Pneumatic Co Ltd
313354,Ajax Engineering Ltd
278701,Five-Star Business Finance Ltd
317832,Brigade Hotel Ventures Ltd
303146,Go Fashion India Ltd
221083,Gateway Distriparks Ltd
325089,GSPL Transmission Ltd @@
132636,IIFL Finance Ltd
249927,Gujarat Gas Ltd
284650,Pricol Ltd
106943,J.B. Chemicals & Pharmaceuticals Ltd
132612,Indoco Remedies Ltd
223112,Tatva Chintan Pharma Chem Limited
190073,Wheels India Limited
304682,TBO Tek Ltd
229238,Affle 3i Ltd
315904,Sagility Ltd
200054,V-Guard Industries Ltd
132809,Firstsource Solutions Ltd
306605,Innova Captab Ltd
284503,Ask Automotive Ltd
132400,Birlasoft Ltd
100125,EID Parry India Ltd
235955,Home First Finance Co India Ltd
209232,Bikaji Foods International Ltd
226076,Triveni Turbine Ltd
132835,ICRA Ltd
322113,Lohia Corp Ltd
209344,Sumitomo Chemical India Ltd
218761,Mold Tek Packaging Ltd
126797,Greenply Industries Ltd
100135,EPL Ltd
122113,Timken India Ltd
311742,Doms Industries Ltd
111196,Can Fin Homes Ltd
313296,Awfis Space Solutions Ltd
232353,Rhi Magnesita India Ltd
233156,Rossari Biotech Ltd
208433,Inox India Ltd
211595,Belrise Industries Ltd
209587,VRL Logistics Ltd
132234,National Aluminium Co Ltd
100408,Tata Elxsi Ltd
120056,TVS HOLDINGS LIMTED
208099,Emcure Pharmaceuticals Ltd
229218,Medi Assist Healthcare Services Ltd
320396,CORONA Remedies Ltd
100241,Kirloskar Pneumatic Co Ltd
320350,Urban Co Ltd
208607,L G Electronics India Ltd
250978,Suraksha Diagnostic Ltd
107458,United Breweries (Holdings) Ltd.
130549,Shilpa Medicare Ltd.
225011,Godavari Biorefineries Ltd
209521,Updater Services Ltd
208433,INOX India Ltd
252076,Power Mech Projects Ltd
105533,Westlife Development Ltd.
322716,Kusumgar Ltd
214437,Varroc Engineering Ltd.
104614,Sarda Energy & Minerals Ltd.
130475,Tinna Rubber And Infrastructure Ltd.
122163,Diamond Power Infrastructure Ltd.
232793,Acutaas Chemicals Limited
322252,Leap India Limited
302762,One MobiKwik Systems Limited
221174,Honeywell International Inc
251390,NXP Semiconductors N.V.
298292,Apple Inc
225206,MICRON TECHNOLOGY INC COM
294043,Advanced Micro Devices Inc
287491,Tesla Inc
278721,Alphabet Inc
225172,Broadcom Inc
308933,Walmart Inc
224345,INTEL CORP
295796,CISCO SYS INC COM
317495,Palantir Technologies Inc
225180,Costco Wholesale Corp
225199,Lam Research Corp
237034,APPLIED MATLS INC COM
225210,Netflix Inc
304863,Palo Alto Networks
325818,Space Exploration Technologies Corporation
239629,Texas Instruments Inc
303393,Crowdstrike Holdings Inc
225220,Sandisk Corporation
225107,AMGEN INC
298435,Linde PLC
279514,T-Mobile US Inc
272603,PEPSICO INC
225221,Seagate Technology Holdings PLC
225203,Marvell Technology Group Ltd
225194,GILEAD SCIENCES INC
320896,Coinbase Global Inc -Class A
224346,QUALCOMM INC
240759,ANALOG DEVICES INC COM
244684,ASML Holding NV
240768,WESTERN DIGITAL CORP COM
288744,Booking Holdings Inc
225229,VERTEX PHARMACEUTICALS INC COM USD0.01
225238,Intuitive Surgical Inc
298392,Fortinet Inc
254201,Starbucks ORD
239630,Adobe Inc
225169,AUTOMATIC DATA PROCESS COM
312712,Arm Holdings Plc
305513,Constellation Energy Corp
225197,Intuit Inc
286808,MercadoLibre Inc
304929,AppLovin Corp
313511,DoorDash Inc
225109,Comcast Corp - Class A
219966,CSX Corp
288162,CADENCE DESIGN SYSTEM COM
250446,MARRIOTT INTERNATIONAL -CL A
239625,Monster Beverage Corp
288163,SYNOPSYS INC COM
240765,REGENERON PHARMACEUTIC COM
284285,CINTAS CORP COM
239624,Mondelez International Inc
304861,Datadog Inc
302735,Airbnb Inc
225219,ROSS STORES INC COM
225214,O'Reilly Automotive Inc
306140,Warner Bros Discovery Inc
324123,Lumentum Holdings Inc
298312,American Electric Power Co Inc
225215,PACCAR INC COM
235083,Baker Hughes Co
301602,Monolithic Power Systems Inc
225189,FASTENAL CO
298363,Diamondback Energy Inc
300137,PINDUODUO INC-ADR
300138,Teradyne Inc
239632,AUTODESK INC COM
318773,Astera Labs Inc
325585,Honeywell Aerospace Inc
304934,Coca-Cola Europacific Partners
293706,XCEL ENERGY INC COM
278055,Paypal Holdings Inc
310152,Axon Enterprise Inc
225216,PAYCHEX INC COM
304974,Nebius Group N.V.
237036,EXELON CORP
315999,Microstrategy Inc
285520,IDEXX Laboratories Inc
300388,Keurig Dr Pepper Inc
295250,Roper Technologies Ord
321453,Ferrovial SE
298466,Old Dominion Freight Line Inc
321456,Thomson Reuters Corp
288164,TAKE-TWO INTERACTIVE S COM
296452,Microchip Technology Inc
288165,Workday Inc
322900,CoreWeave Inc
325586,Rocket Lab Corporation
298777,Dexcom Inc
309345,GE Healthcare Technologies Inc.
301597,Alnylam Pharmaceuticals Inc
296899,Copart
278037,The Kraft Heinz Company
225184,ELECTRONIC ARTS INC COM
219464,Cognizant Technology Solutions Corp
240767,Verisk Analytics Inc
322903,Insmed Inc
302738,Zscaler Inc
246613,Charter Communications Inc
302988,FSN E-Commerce Ventures Ltd
132523,Biocon Ltd
297249,WeWork India Management Ltd
132424,Godrej Consumer Products Ltd
210284,Indegene Ltd.
200017,Eclerx Services Ltd.
250870,Inventurus Knowledge Solutions Ltd.
293602,Zinka Logistics Solutions Ltd
221554,Yatra Online Ltd
224880,NIIT Learning Systems Ltd
132395,Axiscades Technologies Ltd.
209420,Tata Technologies Ltd
271581,Intellect Design Arena Ltd.
117536,Onward Technologies Ltd
273198,Route Mobile Ltd.
303158,Tracxn Technologies Ltd
219460,Accenture Plc
224342,Amazon com
210595,Swan Defence and Heavy Industries Ltd
216156,LTIMindtree Limited
221138,Krystal Integrated Services Limited
220512,SJVN Ltd.
213327,Housing & Urban Development Corp Ltd.
318571,Indiqube Spaces Ltd.
106655,SUDARSHAN CHEMICAL INDUSTRIES LTD
105283,KIRLOSKAR PNEUMATIC COMPANY LTD
117146,USHA MARTIN LTD
100164,GODREJ INDUSTRIES LTD
255331,TEGA INDUSTRIES LTD
311653,CELLO WORLD LTD
267389,QUESS CORP LTD
275316,CARTRADE TECH LTD
100038,BALRAMPUR CHINI MILLS LTD
100042,BASF INDIA LTD
303322,C.E. INFO SYSTEMS LTD
100260,THE RAMCO CEMENTS LTD
132856,TIME TECHNOPLAST LTD
113375,CARBORUNDUM UNIVERSAL LTD
109488,GRAPHITE INDIA LTD
302849,NETWORK PEOPLE SERVICES TECHNOLOGIES LTD
115055,ANANT RAJ LTD
132772,DCB BANK LTD
100123,ELANTAS BECK INDIA LTD
287433,ACME SOLAR HOLDINGS LTD
132805,REDINGTON (INDIA) LTD
221217,WONDERLA HOLIDAYS LTD
284503,ASK AUTOMOTIVE LTD
126797,GREENPLY INDUSTRIES LTD
132638,SHOPPERS STOP LTD
311720,SUNDARAM CLAYTON LTD
100245,KIRLOSKAR FERROUS INDUSTRIES LTD
100249,KSB  LTD
295966,SAMHI HOTELS LTD
208264,GUJARAT PIPAVAV PORT LTD
302244,KRSNAA DIAGNOSTICS LTD
107880,VIP INDUSTRIES LTD
106590,PCBL CHEMICAL LTD
104036,HIND RECTIFIERS LTD
132756,CIE AUTOMOTIVE INDIA LTD
100215,SUNDROP BRANDS LTD
132630,GOKALDAS EXPORTS  LTD
316574,SMARTWORKS COWORKING SPACES LTD
320052,BLUSPRING ENTERPRISES LTD
122064,HONDA INDIA POWER PRODUCTS LTD
213397,KEYSTONE REALTORS LTD
122241,MM FORGINGS LTD
100710,JSW DULUX LTD
224243,VARDHMAN SPECIAL STEELS LTD
292420,AUGMONT ENTERPRISES LTD
132369,RAMCO INDUSTRIES LTD
132349,TRANSPORT CORPORATION OF INDIA LTD
124735,HIKAL LTD
114167,GANESHA ECOSPHERE LTD
131508,EVEREADY INDUSTRIES INDIA LTD
318572,SRI LOTUS DEVELOPERS AND REALTY LTD
242153,EUREKA FORBES LTD
320053,DIGITIDE SOLUTIONS LTD
124816,NATCO PHARMA LTD
105010,AUTOMOTIVE AXLES LTD
323308,ALLCARGO GLOBAL LTD
132749,ALLCARGO LOGISTICS LTD
132163,SAREGAMA INDIA LTD
100355,RALLIS INDIA LTD
301987,ALIVUS LIFE SCIENCES LTD
310219,TRANSINDIA REAL ESTATE LTD
217379,ICICI Lombard General Insurance Co Ltd
100387,Shree Cement Ltd
124000,Poonawalla Fincorp Ltd
132830,Astral Ltd
213046,Emmvee Photovoltaic Power Ltd
100483,Tata Communications Ltd
237742,Indo Mim Ltd
103100,Phoenix Mills Ltd
295872,Gujarat Fluorochemicals Ltd
320028,Siemens Energy India ltd
254493,EQ - PB FINTECH LTD
190059,EQ - APL APOLLO TUBES LTD
100182,EQ - HERO MOTOCORP LTD.
124804,EQ - AUROBINDO PHARMA LTD.
100469,EQ - FEDERAL BANK LTD.
100271,EQ - MAX FINANCIAL SERVICES LTD.
132667,EQ - SUZLON ENERGY LTD.
103100,EQ - PHOENIX MILLS LTD
100103,EQ - BHARAT HEAVY ELECTRICALS LTD.
132644,EQ - J.K.CEMENT LTD
293862,EQ - SWIGGY LTD
100113,EQ - STEEL AUTHORITY OF INDIA LTD.
228974,EQ - 360 ONE WAM LIMITED
207872,EQ - BHARTI HEXACOM LTD
278580,EQ - IDFC FIRST BANK LTD
132757,EQ - VOLTAMP TRANSFORMERS LTD.
132814,EQ - INDIAN BANK
132779,EQ - TORRENT POWER LTD.
100067,EQ - BLUE STAR LIMITED
208766,EQ - MULTI COMMODITY EXCHANGE OF IN
207901,EQ - BSE LTD
242461,EQ - ADITYA BIRLA CAPITAL LTD
215477,EQ - ENDURANCE TECHNOLOGIES LTD
200020,EQ - BRIGADE ENTERPRISES LTD.
103806,EQ - SRF LTD.
100477,EQ - ASHOK LEYLAND LTD
126299,EQ - MPHASIS LTD
200091,EQ - OIL INDIA LTD.
132725,EQ - SOLAR INDUSTRIES INDIA LTD.
122113,EQ - TIMKEN INDIA LTD.
217757,EQ - PNB HOUSING FINANCE LTD.
317635,EQ - VISHAL MEGA MART LTD
132508,EQ - JINDAL STAINLESS LTD.
132522,EQ - PETRONET LNG LTD.
132504,EQ - NAVIN FLUORINE INTERNATIONAL L
190003,EQ - KARUR VYSYA BANK LTD.
221842,EQ - CREDITACCESS GRAMEEN LTD
208607,EQ - LG ELECTRONICS INDIA LTD
106395,EQ - COROMANDEL INTERNATIONAL LTD.
289108,EQ - DELHIVERY LTD.
100233,EQ - KAJARIA CERAMICS LTD.
100257,EQ - LUPIN LTD.
318678,EQ - ITC HOTELS LTD.
132296,EQ - GLENMARK PHARMACEUTICALS LTD.
100680,EQ - PFIZER LIMITED
269404,EQ - TUBE INVESTMENTS OF INDIA LTD
208280,EQ - HDFC ASSET MANAGEMENT COMPANY
226076,EQ - TRIVENI TURBINE LTD
200515,EQ - ZF COMMERCIAL VEHICLE CONTROL SYSTEMS INDIA LTD
102355,EQ - BALKRISHNA INDUSTRIES LTD.
209232,EQ -BIKAJI FOODS INTERNATIONAL LTD.
273811,EQ - MANIPAL HEALTH ENTERPRISES LIMITED
222961,EQ - KIRLOSKAR OIL ENGINES LTD
322541,EQ - BILLIONBRAINS GARAGE VENTURES LTD
100483,EQ - TATA COMMUNICATIONS LTD.
325089,EQ - GSPL Transmission Limited
217714,EQ - DELDOT SYSTEMS LTD.
249927,EQ - GUJARAT GAS LTD
200094,EQ - PNC INFRATECH LTD
287433,EQ -  ACME SOLAR HOLDINGS LTD
126947,EQ - LA-OPALA RG LTD.
100493,EQ - BHARAT FORGE LTD.
122275,EQ - GE VERNOVA T & D INDIA LTD
218756,EQ - HDB FINANCIAL SERVICES LIMITED
132525,EQ - BANK OF MAHARASHTRA
210036,EQ - COMPUTER AGE MANAGEMENT SERV
293380,EQ - DALMIA BHARAT LTD
209147,EQ - SAI LIFE SCIENCES LTD
217379,EQ - ICICI LOMBARD GENERAL INSURANC
208461,EQ - JSW ENERGY LTD
294320,EQ - KPIT TECHNOLOGIES LTD
100878,EQ - CEAT LTD.
237831,EQ-JSW INFRASTRUCTURE LIMITED
105726,EQ - IFB INDUS. LTD.
132187,EQ - INDUSIND BANK
100104,EQ - HINDUSTAN PETROLEUM CORPN. LTD
208280,HDFC Asset Management Co Limited
296050,Indigo Paints Ltd
200055,REC Ltd
217667,SIP Technologies & Export Limited**
217689,Magnasound (India) Limited
114167,Ganesha Ecosphere Limited
219494,EQ - HINDUSTAN AERONAUTICS LTD
208361,EQ - HYUNDAI MOTOR INDIA LTD
211840,EQ - MANKIND PHARMA LTD
209550,EQ - VARUN BEVERAGES LTD
322918,EQ - TATA MOTORS LTD
324996,EQ - VEDANTA ALUMINIUM METAL LTD.
235506,EQ - METROPOLIS HEALTHCARE LTD
132868,EQ - DLF LTD.
100290,EQ - MRF LTD.
100547,EQ - BHARAT PETROLEUM CORPN LTD.
117334,EQ - SAMVARDHANA MOTHERSON INTL LTD
210850,EQ - TATA CAPITAL LTD
217126,EQ - MALCO ENERGY LTD.
217797,EQ - SHUBH SHANTI SERVICES LTD.
226019,EQ - TALWANDI SABO POWER LTD.
324997,EQ - VEDANTA IRON AND STEEL LTD.
304684,Capillary Technologies India Limited
130965,Indian Oil Corporation Ltd
131548,Somany Ceramics Ltd
209063,Cyient DLM Limited
126247,Premier Explosives Ltd.
250958,IDEAFORGE TECHNOLOGY LIMITED
208053,Diffusion Engineers Limited
213862,AEQUS LIMITED
223679,Rishabh instruments Limited
219300,Coal India Ltd
132689,PVR Inox Ltd
132221,Sonata Software Ltd
226156,Anand Rathi Wealth Ltd.
251791,Aptus Value Housing Finance
209089,Repco Home Finance Ltd.
221661,Aadhar Housing Finance Ltd.
273557,Fusion Finance Ltd.
226625,MAS Financial Services Ltd.
132835,ICRA Ltd.
223571,Canara Robeco Asset Management Co Ltd
209147,Sai Life Sciences Ltd
324034,Horizon Industrial Parks Ltd.
267465,Shyam Metalics And Energy Ltd.
229238,Affle 3i Ltd.
223478,MRS Bectors Food Specialities Ltd.
190021,Bharat Rasayan Ltd.
274041,Dr Agarwal's Health Care Ltd.
221645,Krishna Inst of Medical Sciences Ltd.
132483,EQ - CANARA BANK
132648,EQ - YES BANK LTD.
209967,EQ - INDUS TOWERS LIMITED
132822,EQ - VODAFONE IDEA LTD
132461,EQ - PUNJAB NATIONAL BANK
126371,EQ - NMDC LTD.
131213,EQ - MANAPPURAM FINANCE LTD.
279527,EQ - BANDHAN BANK LTD.
280713,EQ - CROMPTON GREAVES CONSUMER ELEC
132134,EQ - BANK OF BARODA
217376,EQ - LIC OF INDIA
100850,EQ - INDIAN HOTELS COMPANY LTD.
132754,EQ - GMR AIRPORTS LIMITED
100253,EQ - LIC HOUSING FINANCE LTD.
132523,EQ - BIOCON LTD.
271867,EQ - LAURUS LABS LTD.
100425,EQ - AMBUJA CEMENTS LTD.
296765,EQ - HITACHI ENERGY INDIA LTD
100400,EQ - TATA POWER COMPANY LTD.
131344,EQ - CONTAINER CORP. OF INDIA LTD
100480,EQ - CUMMINS INDIA LTD.
132477,EQ - UNION BANK OF INDIA
221790,EQ - MUTHOOT FINANCE LTD.
130965,EQ - INDIAN OIL CORPORATION LTD.
100096,EQ - DABUR INDIA LTD.
226720,EQ - KALYAN JEWELLERS INDIA LTD.
132149,EQ - BANK OF INDIA
132424,EQ - GODREJ CONSUMER PRODUCTS LTD
112070,EQ - UPL LTD.
209068,EQ - RBL BANK LTD
132286,EQ - JINDAL STEEL LIMITED
208883,EQ - ONE 97 COMMUNICATIONS LTD
210258,EQ - ICICI PRUDENTIAL LIFE INSURA L
100530,EQ - BOSCH LTD.
209902,EQ - ANGEL ONE LTD
132843,EQ - FORTIS HEALTHCARE LTD.
132321,EQ - ZYDUS LIFESCIENCES LTD
221809,EQ - INOX WIND LTD
109930,EQ - SUPREME INDUSTRIES LTD.
132432,EQ - UNITED SPIRITS LTD.
100295,EQ - VEDANTA LTD
132539,EQ - UNO MINDA LTD
219700,EQ - MAZAGOAN DOCK SHIPBUILDERS LTD
208801,EQ - NBCC (INDIA) LTD
132234,EQ - NATIONAL ALUMINIUM CO. LTD.
219691,EQ - COCHIN SHIPYARD LTD
212427,EQ - ALKEM LABORATORIES LTD
207950,EQ - CENTRAL DEPOSITORY SERVICES
132810,EQ - POWER FINANCE CORPORATION LTD.
100575,EQ - VOLTAS LTD.
100368,EQ - PATANJALI FOODS LIMITED
100830,EQ - COLGATE PALMOLIVE INDIA LTD.
221877,EQ - WAAREE ENERGIES LIMITED
222264,EQ - PG ELECTROPLAST LTD.
225154,EQ - AMBER ENTERPRISES INDIA LTD
315904,EQ - SAGILITY LTD
208238,EQ - GODREJ PROPERTIES LTD.
132466,EQ - ORACLE FINANCIAL SERVICES SOFT
100188,EQ - HINDUSTAN ZINC LTD.
271875,EQ - ADANI ENERGY SOLUTIONS LTD
224623,EQ - INDIAN ENERGY EXCHANGE LTD
302988,EQ - FSN E-COMMERCE VENTURES(NYKAA)
225051,EQ - SBI CARDS & PAYMENTS SERVICES
132892,EQ - MOTILAL OSWAL FINANCIAL SERVIC
100825,EQ - BRITANNIA INDUSTRIES LTD.
132155,EQ - GAIL ( INDIA )LTD.
100490,EQ - BAJAJ HOLDINGS & INVESTMENT LT
200055,EQ - REC LTD
209037,EQ - RAIL VIKAS NIGAM LTD
100086,EQ - EXIDE INDUSTRIES LTD.
219442,EQ - LODHA DEVELOPERSLIMITED
220018,EQ - OBEROI REALTY LIMITED
213838,EQ - PRESTIGE ESTATES PROJECTS LTD
305799,EQ - KFIN TECHNOLOGIES LTD
209078,EQ - NIPPON LIFE INDIA ASSET MANAGE
214179,EQ - SONA BLW PRECISION FORGING LTD
220741,EQ - SAMMAAN CAPITAL LTD
132497,EQ - RADICO KHAITAN LTD.
132898,Power Grid Corporation of India Ltd
132868,DLF Ltd
132155,GAIL (India) Ltd
100188,Hindustan Zinc Ltd
100570,Tata Motors Passenger Vehicles Ltd
225213,Nvidia Corp
282037,Sony group
300671,Alibaba Group Holding Ltd
299147,SK Hynix Inc
315143,Contemporary Amperex Technology Co Ltd
290395,Samsung Electronics Limited
295756,L'Oreal SA
219159,Schneider Electric Se Ord
298795,Midea Group Company Limited
296238,NOVO NORDISK ADR REPSG 1 ORD
224342,Amazon.com Inc
218204,Hong Kong Exchanges And Clearing Ltd
225210,NETFLIX INC COM
272602,Nike Inc
322971,Sony Financial Holdings INC NPV
219185,Tencent Holdings Limited
208607,LG ELECTRONICS INDIA LTD.
288028,ATLANTA ELECTRICALS LIMITED
294253,BRAINBEES SOLUTIONS LIMITED
227347,CARE Ratings Ltd.
320775,KSH International Limited
109631,HEG Ltd
209220,SHARDA MOTOR INDUSTRIES LIMITED
225011,Godavari Biorefineries Limited
226019,Vedanta Power Limited
238594,Laser Power and Infra Limited
213499,M&B Engineering Limited
100444,WEST COAST PAPER MILLS LIMITED
296367,OLA ELECTRIC MOBILITY LIMITED
323600,MV ELECTROSYSTEMS LTD
100144,Finolex Cables Ltd.
105283,Kirloskar Pneumatic Ltd.
109557,GARWARE TECHNICAL FIBRES LIMITED
132804,Technocraft Industries (India) Ltd
234556,CMS Info Systems Limited
109966,VST Industries Ltd.
107685,WIPRO LTD
132175,CYIENT LTD
210072,DIXON TECHNOLOGIES (INDIA) LTD
216156,LTM LTD
132221,SONATA SOFTWARE LTD
304682,TBO TEK LTD
123704,MASTEK LTD
310018,NETWEB TECHNOLOGIES INDIA LTD
303157,RATEGAIN TRAVEL TECHNOLOGIES LTD
132400,BIRLASOFT LTD
200017,ECLERX SERVICES LTD
104067,ZENSAR TECHNOLOGIES LTD
322541,BILLIONBRAINS GARAGE VENTURES LTD (GROWW)
229238,AFFLE 3I LTD
132129,HEXAWARE TECHNOLOGIES LTD
268618,L&T TECHNOLOGY SERVICES LTD
303125,LE TRAVENUES TECHNOLOGY LTD
229852,PINE LABS LTD
213672,NEWGEN SOFTWARE TECHNOLOGIES LTD
296765,HITACHI ENERGY INDIA LTD
100002,ABB INDIA LTD
294320,KPIT TECHNOLOGIES LTD
221554,YATRA ONLINE LTD
100411,THERMAX LTD
322366,PHYSICSWALLAH LTD
221217,Wonderla Holidays Ltd.
102330,Andhra Paper Ltd.
112573,Avanti Feeds Ltd.
123398,Bosch Home Comfort India Ltd.
109557,Garware Technical Fibres Ltd.
100165,Kansai Nerolac Paints Ltd.
132129,Hexaware Technologies limited
100252,LAKSHMI MACHINE WORKS LTD
235955,Home First Finance Company India Ltd.
277169,Bluestone Jewellery And Lifestyle Ltd
200017,eClerx Services Ltd.
200115,Titagarh Rail System Ltd
320627,Aditya Birla Lifestyle Brands Ltd
322366,Physicswallah Ltd
100940,Finolex Industries Limited
100265,Maharashtra Seamless Limited
100355,Rallis India Limited
132178,Engineers India Ltd.
131548,Somany Ceramics Limited
275266,Lalithaa Jewellery Mart Ltd.
132626,Pondy Oxides & Chemical Ltd.
100405,Supreme Petrochem Ltd.
218763,Dr Lal Pathlabs Ltd.
316248,Standard Engineering Technology Ltd.
322612,Purple Style Labs Ltd.
315602,Sanofi Consumer Healthcare India Ltd
100690,Gujarat State Fertilizers and Chemicals Ltd.
100249,KSB Ltd.
318571,Indiqube Spaces Ltd
322113,Lohia Corp Ltd.
131599,FDC Ltd.
244005,IIFL Capital Services Ltd.
130001,Gujarat Alkalies and Chemicals Ltd.
123367,DCM Shriram Ltd.
251940,G R Infraprojects Ltd.
132732,Kewal Kiran Clothing Ltd.
100265,Maharashtra Seamless Ltd.
131426,Tamil Nadu Newsprint & Papers Ltd.
223658,TD Power Systems Ltd.
224243,Vardhman Special Steels Ltd.
277614,Jupiter Life Line Hospitals Ltd
216719,Sanathan Textiles Ltd.
100042,BASF India Ltd.
102330,Andhra Paper Ltd
123694,Apcotex Industries Ltd.
100280,Century Enka Ltd.
132772,DCB Bank Ltd.
105890,Kennametal India Ltd.
100126,Procter & Gamble Health Ltd.
226019,Vedanta Power Ltd.
107815,Gillette India Ltd.
100171,GHCL Ltd.
255003,Windlas Biotech Ltd.
223140,Matrimony.com Ltd.
120051,Jamna Auto Industries Ltd.
120057,JTEKT India Ltd.
322950,SKF India Industrial Ltd
303322,CE Info Systems Ltd
117174,Honeywell Automation India Ltd
100403,Sundram Fasteners Ltd
273811,Manipal Health Enterprises Ltd @@
223415,Chennai Interactive Business Services Pvt Ltd ** ^^
298317,Amphenol Corp
318188,Onesource Specialty Pharma Ltd.
222255,Eris Lifesciences Ltd.
324263,Turtlemint Fintech Solutions Ltd.
209370,Symbiotec Pharmalab Ltd A**
316659,International Gemological Institute Ltd.
313583,KRN Heat Exchanger And Refrigeration Limited
105242,Dynamatic Technologies Limited
321317,Juniper Green Energy Limited **
313354,Ajax Engineering Limited
289858,Manorama Industries Limited
275316,Cartrade Tech Limited
273811,Manipal Health Enterprises Ltd **
324996,Vedanta Aluminium Metal Limited **
287782,Aye Finance Limited
324034,Horizon Industrial Parks Limited
316659,International Gemological Institute Limited
217396,Canara HSBC Life Insurance company Ltd
216147,Nuvoco Vistas Corporation Limited
289243,Epack Prefab Technologies Limited
293537,Clean Max Enviro Energy Solutions Limited
131209,Nucleus Software Exports Limited
190013,Xpro India Limited
232592,Latent View Analytics Limited
131179,Arman Financial Services Limited
289269,Yash Highvoltage Limited
103960,Bharat Bijlee Limited
217126,Malco Energy Limited **
226019,Talwandi Sabo Power Limited **
324997,Vedanta Iron And Steel Limited **
132720,EQ - MAHINDRA & MAHINDRA FINANCIAL
124372,EQ - ORCHID PHARMA LTD.
132689,EQ - PVR INOX LIMITED
132683,EQ - AIA ENGINEERING LTD.
100620,EQ - GREAT EASTERN SHIPPING CO. LTD
132162,EQ - JK PAPER LTD.
208661,EQ - MAHANAGAR GAS LTD.
303107,EQ - SAPPHIRE FOODS INDIA LTD
132443,EQ - CERA SANITARYWARE LTD.
131162,EQ - EMAMI LTD.
122205,EQ - PRAJ INDUSRIES LTD.
320627,EQ - ADITYA BIRLA LIFESTYLE BRANDS LIMITED
117385,EQ - SYMPHONY LTD.
100047,0.00%  FCDW -  BETA NAPTHOL LT
131159,EQ - JMP CASTINGS LIMITED
217816,EQ - GPI TEXTILES LTD.
126624,EQ - ELBEE SERVICES LTD.(ELBEE EXPR
250978,Suraksha Diagnostic Limited
322180,Molbio Diagnostics Limited
210039,Concord Biotech Limited
317142,ROSSELL TECHSYS LTD.
252306,Eternal Ltd (Previously Zomato Ltd)
208766,Multi Commodity Exchange of India Ltd
324034,Horizon Industrial Parks Ltd
100033,Force Motors Ltd
235955,Home First Finance Company Ltd
132482,Granules India Ltd
229238,Affle (India) Ltd
223658,TD Power Systems Ltd
105700,Elecon Engineering Company Ltd
219691,Cochin Shipyard Ltd
278979,Chennai Super Kings Ltd @
208280,HDFC Asset Management Company Ltd
100800,TATA Consumer Products Ltd
100400,TATA Power Company Ltd
221790,Muthoot Finance Ltd
132514,Indraprastha Gas Ltd
100295,Vedanta Ltd
100696,Hindustan UniLever Ltd
323597,Kwality Wall’s (India) Ltd
113599,Hindustan Copper Ltd.
250958,Ideaforge Technology Ltd.
117041,Ador Welding Limited
222364,Innoventive Industries Limited**
113599,Hindustan Copper Limited
209370,Symbiotec Pharmalab Limited **
321348,Skyways Air Services Ltd **
317079,Laxmi Dental Limited
113097,SHIVALIK BIMETAL CONTROLS LIMITED
304549,Syrma SGS Technology Ltd.
275316,CarTrade Tech Ltd.
308764,Honasa Consumer Ltd.
223586,SBI funds Management ltd.
132163,SAREGAMA India Ltd.
124000,Poonawalla Fincorp Ltd.
111072,Piramal Finance Ltd.
228017,Travel Food Services Ltd.
132867,V2 Retail Ltd.
274038,India Shelter Finance Corporation Ltd.
319986,Jain Resource Recycling Ltd.
317139,NTPC Green Energy Ltd
132892,MOTILAL OSWAL FINANCIAL SERVICE LTD
132497,RADICO KHAITAN LTD
200091,OIL INDIA LTD
314935,PREMIER ENERGIES LTD
100878,CEAT LTD
132178,ENGINEERS INDIA LTD
106395,COROMANDEL INTERNATIONAL LTD
132733,SUN TV NETWORK LTD
130007,JK TYRE & INDUSTRIES LTD
209232,BIKAJI FOODS INTERNATIONAL LTD
321136,PNGS REVA DIAMOND JEWELLERY LTD
226019,TALWANDI SABO POWER LTD
324997,VEDANTA IRON AND STEEL LTD
324996,VEDANTA ALUMINIUM METAL LTD
217126,MALCO ENERGY LTD
208727,Metro Brands Limited
284184,PSP Projects Ltd
100620,The Great Eastern Shipping Co. Ltd.
221033,Aster DM Quality Care Ltd.
210850,TATA CAPITAL LTD
218763,DR. LAL PATH LABS LTD
225850,NIVA BUPA HEALTH INSURANCE COMPANY LTD
100387,SHREE CEMENT LTD
321331,TENNECO CLEAN AIR INDIA LTD
250870,INVENTURUS KNOWLEDGE SOLUTIONS LTD
317635,VISHAL MEGA MART LTD
249675,SEDEMAC MECHATRONICS LTD
132714,KEC INTERNATIONAL LTD
235506,METROPOLIS HEALTHCARE LTD
132331,AJANTA PHARMA LTD
209867,EQ - ADANI POWER LTD.
100002,EQ - ABB INDIA LTD.
289554,EQ - ADANI GREEN ENERGY LTD
117569,EQ - KEI INDUSTRIES LTD.
220350,EQ - L&T FINANCE LIMITED
100048,BEML Ltd.
212609,Astec LifeSciences Ltd.
109631,HEG Ltd.
208977,Powerica Ltd.
217126,Vedanta Oil and Gas Ltd.
113097,Shivalik Bimetal Controls Ltd.
208433,Inox India Ltd.
104212,Universal Cables Ltd
100109,Mangalore Refinery and Petrochemicals Ltd.
100620,The Great Eastern Shipping Company Ltd.
100110,Chennai Petroleum Corporation Ltd.
288028,Atlanta Electricals Ltd.
237742,Indo-Mim Ltd.
122205,Praj Industries Ltd.
296186,Baazar Style Retail Limited
132612,Indoco Remedies Ltd.
271022,UNIPARTS INDIA LIMITED
292420,AUGMONT ENTERPRISES LIMITED
209532,VA Tech Wabag Limited
284650,Pricol Limited
209370,Symbiotec Pharmalab Limited
233156,Rossari Biotech Limited
310018,Net web Technologies India Limited
100877,Apollo Tyres Limited
100660,Glaxosmithkline Pharmaceuticals Ltd
131344,Container Corporation of India Ltd
132478,UNITED BREWERIES LIMITED
207673,Adani Wilmar Limited
100116,IDBI Bank Limited
100425,Ambuja Cements Ltd
316917,Ivalue Infosolutions Ltd.
213862,Aequs Ltd.
115030,Asahi India Glass Ltd.
303125,Le Travenues Technology Ltd.
321747,Nephrocare Health Service Pvt. Ltd.
116030,Pakka Ltd.
316920,Renew Energy Global
325570,Fairfax India Holdings Corporation
103310,Swan Corp Limited
100280,Century Enka Limited
121016,Indo Count Industries Limited
132648,YES Bank Ltd.
100770,Tata Chemicals Ltd
254912,Lancer Container Lines Ltd.
219268,Rossell India Limited
317142,Rossell Techsys Ltd
123642,PI INDUSTRIES LTD
132720,MAHINDRA AND MAHINDRA FINANCIAL SERVICES LTD
100410,ACC LTD
132478,UNITED BREWERIES LTD
100488,ABBOTT INDIA LTD
208045,DEVYANI INTERNATIONAL LTD
132466,ORACLE FINANCIALS SERVICES SOFT LTD
318678,ITC HOTELS LTD
100403,SUNDRAM FASTENERS LTD
255331,Tega Industries Limited
217126,Malco Energy Limited
126951,Stylam Industries Limited
226019,Talwandi Sabo Power Limited
324997,Vedanta Iron And Steel Limited
302921,SJS Enterprises Pvt Limited
190003,Karur Vysya Bank Ltd/The
217400,Star Health & Allied Insurance Limited
208364,ICICI Prudential Mutual Fund
113519,Pitti Engineering Ltd
240920,Tempsens Instruments (India) Ltd.
105533,Westlife Development Ltd
100550,EQ - SIEMENS INDIA LTD.
320028,EQ - SIEMENS ENERGY INDIA LIMITED
217280,EQ - INDIAN RAILWAYS FIN CORPN LTD
252306,Zomato Ltd
303157,Rate Gain Travel Technologies Ltd
208364,ICICI Prudential Asset Management Company Ltd
302921,S.J.S. Enterprises Ltd
132482,Granules India Limited
226076,TRIVENI TURBINE LTD
122113,TIMKEN INDIA LTD
289858,Manorama Industries Ltd
211337,POLYCAB INDIA Limited
223478,Mrs Bectors Food Specialities Limited
100002,ABB India Ltd
219464,"Cognizant Technology Solutions Corp., A"
283316,National Securities Depository Limited
317104,EMA Partners India Limited
212793,Carraro India Limited
208433,Inox India Limited
213046,Emmvee Photovoltaic Power Limited
320350,Urban Company Ltd
227331,Supriya Lifescience Limited
307061,Avalon Technologies Ltd.
301578,Jubilant Ingrevia Ltd.
112529,Viyash Scientific Ltd.
105283,Kirloskar Pneumatic Co.Ltd.
210039,Concord Biotech Ltd.
218763,Dr. Lal Path Labs Ltd.
101423,Shaily Engineering Plastics Ltd.
275316,Cartrade Tech Ltd.
106655,Sudarshan Chemical Industries Ltd.
296050,Indigo Paints Ltd.
218771,Shriram Pistons & Rings Ltd.
301912,Clean Science and Technology Ltd.
294914,Go Digit General Insurance Ltd.
132443,Cera Sanitaryware Ltd.
218761,Mold-Tek Packaging Ltd.
323260,Shadowfax Technologies Ltd.
132762,Action Construction Equipment Ltd.
212793,Carraro India Ltd.
232353,RHI Magnesita India Ltd.
209063,Cyient DLM Ltd
132630,Gokaldas Exports Ltd
250870,Inventurus Knowledge Solutions Ltd
211129,Globsyn Technologies Ltd
100125,EID Parry (India) Ltd.
305179,Harsha Engineers International Ltd.
208364,ICICI Prudential Asset Management Co Limited
232793,EQ - ACUTAAS CHEMICALS  LIMITED
208412,EQ - INDIAN RAILWAY CATERING & TOUR
208763,EQ - MTAR TECHNOLOGIES LTD
100488,EQ - ABBOTT INDIA LTD.
223658,EQ - TD POWER SYSTEMS LTD.
100459,EQ - PROCTER & GAMBLE HYGIENE & HEL
100408,EQ - TATA ELXSI LTD.
208099,EQ - EMCURE PHARMACEUTICALS LTD
200017,EQ - ECLERX SERVICES LTD.
130517,EQ - RELAXO FOOTWEARS LTD
100092,Crisil Limited
312105,Entero Healthcare Solutions
301987,Alivus Life Sciences Ltd.
124348,Aarti Drugs Ltd.
124735,Hikal Ltd.
317079,Laxmi Dental Ltd.
106943,J.B.Chemicals & Pharmaceuticals Ltd.
213327,Housing & Urban Development Corporation Limited
251791,Aptus Value Housing Finance India Ltd
222961,Kirloskar Oil Eng Ltd
226611,JSW Cement Ltd
210949,Aditya Infotech Ltd.
115055,Anant Raj Ltd
106590,Phillips Carbon Black Ltd
295966,SAMHI Hotels Ltd
304684,Capillary Technologies India Ltd
209587,EQ - VRL LOGISTICS LTD
251940,EQ - G R INFRAPROJECTS LTD
210174,EQ - GENERAL INSURANCE CORPORATION
190071,EQ - SUNDARAM FINANCE LTD.
100171,EQ - GHCL LTD.
124742,EQ - CAPLIN POINT LABORATORIES LTD
123367,EQ - DCM SHRIRAM LTD.
224880,EQ - NIIT LEARNING SYSTEMS LTD
124404,EQ - MARKSANS PHARMA LTD.
224849,EQ - ALEMBIC PHARMACEUTICALS
132375,EQ - TIPS MUSIC LIMITED
200082,EQ - MAHINDRA HOLIDAYS & RESORTS IN
209127,EQ - S.P.APPARELS LTD
315970,EQ - RAYMOND LIFESTYLE LTD
113097,EQ - SHIVALIK BIMETAL CONTROLS LTD
100150,Foseco India Ltd.
131768,Polymedicure Ltd.
239342,Sudeep Pharma Ltd.
122249,Mayur Uniquoters Ltd.
223571,Canara Robeco Asset Management Company Ltd.
100228,JSW Steel Ltd
221809,Inox Wind Ltd
100790,Nestle India Ltd
132921,Adani Ports and Special Economic Zone Ltd
224623,Indian Energy Exchange Ltd
242461,Aditya Birla Capital Ltd
100113,Steel Authority of India Ltd
132754,GMR Airports Ltd
209867,Adani Power Ltd
132321,Zydus Lifesciences Ltd
100096,Dabur India Ltd
132525,Bank Of Maharashtra
126371,NMDC Ltd
208766,Multi Commodity Exchange Of India Limited
279527,Bandhan Bank Ltd
289554,Adani Green Energy Ltd
124804,Aurobindo Pharma Ltd
132648,Yes Bank Ltd
271875,Adani Energy Solutions Ltd
216156,Ltm Ltd
223187,Kaynes Technology India Ltd
305799,Kfin Technologies Limited
100312,Oil and Natural Gas Corporation Ltd.
226159,Anand Rathi Share & Stock Brokers Ltd
200155,EQ - B.S. REFRIGERATORS LIMITED.
132488,Divi''s Laboratories Limited
111243,Cholamandalam Invest & Finance Co Ltd
100400,The Tata Power Company Limited
209587,VRL LOGISTICS LTD
100550,Siemens Ltd
113375,Carborundum Universal Ltd
307061,Avalon Technologies Ltd
255331,Tega Industries Ltd
207837,Bansal Wire Industries Ltd
243998,IFGL Refractories Ltd
100472,SKF India Ltd
113097,Shivalik Bimetal Controls Limited
132541,Coforge Limited ‡
210590,Persistent Systems Ltd ‡
317401,MIDWEST LTD
222554,Data Patterns (India) Ltd.
131147,Alicon Castalloy Ltd.
207872,BHARTI HEXACOM LTD
132644,J K CEMENT LTD
295872,GUJARAT FLUOROCHEMICALS LTD
100124,DR REDDYS LABORATORIES LTD
237831,JSW INFRASTRUCTURE LTD
218756,HDB FINANCIAL SERVICES LTD
132504,NAVIN FLUORINE INTERNATIONAL LTD
132889,K.P.R. MILL LTD
251940,G R INFRAPROJECTS LTD
123457,LINDE INDIA LTD
132827,PAGE INDUSTRIES LTD
123395,3M INDIA LTD
132514,INDRAPRASTHA GAS LTD
208727,METRO BRANDS LTD
218067,MAHINDRA LOGISTICS LTD
322950,SKF INDIA (INDUSTRIAL) LTD
100770,TATA CHEMICALS LTD
113097,Shivalik Bimetal Controls Ltd
210949,Aditya Infotech Ltd
315904,SAGILITY LTD
232793,Acutaas Chemicals Ltd
308021,NMDC Steel Ltd
130549,Shilpa Medicare Ltd
130019,Jubilant Pharmova Ltd
283206,ADITYA VISION LTD
105714,Gabriel India Ltd
221645,Krishna Institute of Medical Sciences Ltd
239342,Sudeep Pharma Ltd
213499,M&B Engineering Ltd
243998,IFGL Refractories Limited
223571,Canara Robeco Asset Management Co Ltd/India
107205,Tilaknagar Industries Ltd.
100187,AGI Greenpac Limited
211129,Globsyn Technologies Ltd ** ^^
208764,Orkla India Ltd
100290,MRF Limited
100459,Procter & Gamble Hygiene and Health Care Limited
208412,Indian Railway Catering & Tourism Corporation Limited
123301,TCPL PACKAGING LIMITED
288401,Orient Electric Ltd
113519,Pitti Engineering Limited
279664,GLOBAL HEALTH LIMITED
216156,LTIMindtree Ltd
322110,OnEMI Technology Solutions Limited
318419,GK Energy Limited
228555,Dishman Carbogen Amcis Limited
130135,OPTIEMUS INFRACOM LIMITED
244005,IIFL Capital Services Limited
283206,Aditya Vision Ltd.
100241,Kirloskar Brothers Ltd.
215324,Dharti Dredging & Infrastructure Ltd.
228219,Isprava Technologies Ltd.
293602,BlackBuck Ltd.
100710,JSW Dulux Ltd.
208763,MTAR Technologies Ltd.
123025,Safari Industries India Ltd.
325089,GSPL Transmission Ltd
100067,BLUE STAR LTD
223571,Canara Robeco Mutual Fund
210217,Healthcare Global Enterprises Ltd.
274045,Rainbow Children's Medicare Ltd.
321477,Lonza Group
132162,JK Paper Ltd.
318418,GNG Electronics Ltd.
132734,Godawari Power & Ispat Ltd.
277169,BlueStone Jewellery & Lifestyle Ltd.
318045,Saatvik Green Energy Ltd.
238594,Laser Power & Infra Ltd
123025,Safari Industries (India) Ltd.
322180,Molbio Diagnostics Ltd.
200019,Transformers And Rectifiers (India) Limited
300391,Knowledge Marine & Engineering Works Limited
123618,Dredging Corporation of India Limited
109966,VST Industries Limited
100215,Sundrop Brands Ltd
103811,Siyaram Silk Mills Limited
100171,GHCL Limited
267389,Quess Corp Ltd.
100870,Castrol India Ltd.
303146,GO FASHION (INDIA) LIMITED
311638,EPACK DURABLE LIMITED
320052,Bluspring Enterprises limited
287382,Apollo Micro Systems Limited
301603,Paras Defence and Space Technologies Limited
132395,AXISCADES Technologies Limited
318903,LUMINO INDUSTRIES LIMITED
224880,NIIT Learning Systems Ltd.
229414,Nazara Technologies Ltd.
100655,Garware Hi-Tech Films Limited
100405,Supreme Petrochem Limited
100730,NOCIL Limited
221267,Fedbank Financial Services Ltd
120051,Jamna Auto Industries Limited
287237,EQ - UJJIVAN SMALL FINANCE BANK LTD
132210,EQ - CITY UNION BANK
221033,EQ - ASTER DM HEALTHCARE LTD
208433,EQ - INOX INDIA LTD
301578,EQ - JUBILANT INGREVIA LTD.
302427,EQ - VIJAYA DIAGNOSTIC CENTRE LTD
215690,EQ - GRAVITA INDIA LTD.
237191,EQ - V-MART RETAIL LTD
215216,EQ -CRAFTSMAN AUTOMATION LTD.
117168,EQ - SUBROS LTD.
323819,EQ - SHIPROCKET LIMITED
220869,EQ - TECHNO ELECTRIC & ENGINEERING
105355,EQ - NESCO LTD.
120111,EQ - RATNAMANI METALS & TUBES LTD.
217842,EQ - GODREJ AGROVET LTD
288451,EQ -FINE ORGANIC IND LTD
213672,EQ - NEWGEN SOFTWARE TECHNOLOGIES LTD
304682,EQ - TBO TEK LTD
132809,EQ - FIRSTSOURCE SOLUTIONS LTD.
318597,EQ - SESHAASAI TECHNOLOGIES LIMITED
307329,EQ - BLUE JET HEALTHCARE LTD
113519,EQ- PITTI ENGINEERING LIMITED
119552,EQ - HERITAGE FOODS LTD.
113375,EQ - CARBORANDUM UNIVERSAL LTD.
100710,EQ - JSW DULUX LTD
132732,EQ - KEWAL KIRAN CLOTHING LTD
221194,EQ - TEAMLEASE SERVICES LTD. .
221645,EQ - KRISHNA INSTITUTE OF MEDI SCIE
210284,EQ - INDEGENE LTD
313296,EQ - AWFIS SPACE SOLUTIONS LTD
121016,EQ - INDO COUNT INDUSTRIES LTD.
316917,EQ - IVALUE INFOSOLUTIONS LIMITED
105714,EQ - GABRIEL INDIA LTD.
232353,EQ - RHI MAGNESITA INDIA LTD
305013,EQ - MOTHERSON SUMI WIRING INDIA LTD
277614,EQ- JUPITER LIFE LINE HOSPITALS LTD
218771,EQ - SPR Auto Technologies Limited
100101,EQ - ARVIND LTD.
215584,EQ - FRACTAL ANALYTICS LTD
100403,EQ - SUNDRAM FASTENERS LTD.
282626,EQ - H G INFRA ENGINEERING LTD.
274038,EQ - INDIA SHELTER FINANCE CORPORATION LTD
221554,EQ - YATRA ONLINE LTD.
303157,EQ - RATEGAIN TRAVEL TECHNOLOGIES LTD
207959,EQ - CHALET HOTELS LTD
132756,EQ - CIE AUTOMOTIVE INDIA LTD
104067,EQ - ZENSAR TECHNOLOGIES LTD.
100238,EQ - WHIRLPOOL OF INDIA LTD.
105283,EQ - KIRLOSKAR PNEUMATIC CO. LTD.
132221,EQ - SONATA SOFTWARE LTD
123025,EQ - SAFARI INDUSTRIES (I) LTD.
105700,Elecon Engineering Company Limited
316574,Smartworks Coworking Spaces Ltd
274066,Amagi Media Labs Limited
100655,Garware Hi-Tech Films Ltd
217400,Star Health and Allied Insurance Co Ltd
229820,SCHNEIDER ELECTRIC INFRASTRUCTURE LTD.
273033,EQUITAS SMALL FINANCE BANK LIMITED
132921,Adani Port & Special Economic Zone Ltd
318188,One Source Specialty Pharma Ltd
241159,Neogen Chemicals Ltd
223586,SBI Funds Management Ltd
296367,Ola Electric Mobility Limited
132835,ICRA LIMITED
322252,LEAP India Limited
215584,Fractal Analytics Limited
211595,BELRISE INDUSTRIES LIMITED
130005,INDIA CEMENTS LTD
233561,ESDS Software Solution Limited
100620,The Great Eastern Shipping Company Ltd
123598,The Shipping Corp of India Ltd
210258,ICICI Prudential Life Insurance Company
100530,Bosch Ltd
318597,Seshaasai Technologies Ltd
100114,Titan Company Ltd
267615,Aavas Financiers Ltd
217376,LIC of India Ltd
274083,Landmark Cars Ltd
291807,Senco Gold Ltd
210729,SIS Ltd
322110,OnEMI Technology Solutions LTD
210258,ICICI Prudential Life Insurance Company Ltd
284289,Make My Trip Ltd (USD)
132689,PVR INOX Ltd
274041,DR. AGARWALS HEALTH CARE LTD
200057,AFCONS INFRASTRUCTURE LTD
217400,STAR HEALTH AND ALLIED INSURANCE COMPANY LTD
210217,HEALTHCARE GLOBAL ENTERPRISES LTD
241214,PARADEEP PHOSPHATES LTD
100550,SIEMENS LTD
215690,GRAVITA INDIA LTD
297249,WEWORK INDIA MANAGEMENT LTD
278701,FIVE-STAR BUSINESS FINANCE LTD
282626,H.G. INFRA ENGINEERING LTD
323597,KWALITY WALLS (INDIA) LTD
200020,BRIGADE ENTERPRISES LTD
130949,EQ - THE DHAR TEXTILE MILLS LTD.
100451,EQ - MODERN DENIM LTD.
217781,EQ - EASTERN MEDIKIT LTD.
217783,EQ - EURO COTSPIN LTD.
124406,EQ - OMEGA LABORATORIES LTD.
102076,EQ - DHAR CEMENT  LTD.
114160,EQ - MAHENDRA PETROCHEMICALS LTD.
217786,EQ - JAIPUR SYNTEX LTD.
130031,EQ - ORIQUA LIMITED
213350,EQ - INFRASTRUCTURE LEASING & FIN.S
217789,EQ - MARWAR HOTELS LTD.
124067,EQ - SERENE INDUSTRIES LIMITED.
217803,EQ - POYSHA INDUSTRIAL CO. LTD.
217800,EQ - RAIPUR MANUFACTURING CO.LTD.
217779,EQ - ARUNA MILLS COMPANY LTD.
317139,NTPC Green Energy Ltd.
295966,Samhi Hotels Ltd.
284650,PRICOL LTD
218771,SHRIRAM PISTONS & RINGS LTD
132210,CITY UNION BANK LTD
117569,KEI INDUSTRIES  LTD
122163,DIAMOND POWER INFRASTRUCTURE LTD
208364,ICICI PRUDENTIAL ASSET MANAGEMENT COMPANY LTD
223586,SBI FUNDS MANAGEMENT LTD
100620,THE GREAT EASTERN SHIPPING CO.LTD
322918,TATA MOTORS LTD
223409,DHOOT TRANSMISSION LTD
284184,PSP PROJECTS LTD
317079,LAXMI DENTAL LTD
209370,SYMBIOTEC PHARMALAB LTD
208607,LG ELECTRONICS INDIA LTD
296043,WAKEFIT INNOVATIONS LTD
106285,BAYER CROPSCIENCE LTD
213046,EMMVEE PHOTOVOLTAIC POWER LTD
229617,TRANSRAIL LIGHTING LTD
123758,EQ - INFORMATION TECHNOLOGIES (I)LT
111196,CanFin Homes Ltd.
220000,BANK OF AMERICA CORP
219105,JP Morgan Chase & Co
237044,Berkshire Hathaway Inc
250895,Eli Lilly & Co
325817,EXXONMobil Holdings Corp
278077,Mastercard Incorporated
298545,AbbVie Inc
218132,Cheveron Corp
218129,Caterpillar INC
219126,Merck & Co. Inc
302741,Unitedhealth Group Inc
221261,GE Aerospace
218281,Procter & Gamble Co
295248,Home Depot Inc
298400,Goldman Sachs Group Inc
248372,Philip Morris International Ord
298492,RTX Corporation
250896,Wells Fargo & Co
306142,Morgan Stanley
218259,Oracle Corporation
315152,GE Vernova Inc
294352,Thermo Fisher Scientific Inc
298348,Citigroup Inc
219469,International Business Machines Corp. IBM
282023,Salesforce Inc
253357,Verizon Communications Inc
294619,ABBOTT LABORATORIES
272601,MCDONALD'S CORPOPRATION
272604,The Walt Disney Company
298325,AT&T Inc
278073,Charles Schwab Corp
278724,Union Pacific Ord
272598,American Express Co
298457,NextEra Energy Inc
278071,Blackrock Inc
298534,Welltower Inc
218173,Deere & Co
250278,THE BOEING CO
248555,PFIZER INC
298354,ConocoPhillips
298375,Eaton Corp PLC
293119,ServiceNow Inc
290172,BRISTOL MYERS SQUIBB ORD
308930,Newmont Corporation
220969,Danaher Corp
298337,Capital One Financial Corp
298481,Prologis Inc
298500,S&P Global Inc
283308,Dell Technologies Inc
298480,Progressive Corp
218157,Chubb Ltd
284300,CVS Health Corp
219460,Accenture Plc-CL A
298356,Corning Inc
284302,Medtronic PLC
238671,Lowes Cos Inc
227683,Altria Group Inc
298438,Lockheed Martin Corp
298510,Stryker Corp
237035,The Bank of New York Mellon Corporation
226598,Marathon Petroleum Corp
219075,Freeport Mcmoran Copper & Gold Inc
219196,Valero Energy Corporation Ltd
227339,McKesson Corp.
278074,Cme Group Inc
240762,Equinix Inc
301950,Vertiv Holdings Co
298506,Southern Co/The
298475,Phillips 66
298031,Trane Technologies Plc
298408,Howmet Aerospace Inc
298477,PNC Financial Services Group Inc
277063,US Bancorp
242797,General Dynamics Corp
298371,Duke Energy Corp
272487,Williams Cos Inc/The
298443,Marsh & McLennan Cos Inc
298488,Quanta Services Inc
267052,Intercontinental Exchange Inc
219158,SLB Limited
246089,3M CO
272486,EMERSON ELECTRIC CO
306654,Elevance Health Inc
298420,Johnson Controls International PLC
322904,Robinhood Markets Inc A
298314,American Tower Corp
298532,Waste Management Inc
298454,Motorola Solutions Inc
298359,Cummins Inc
219474,Travelers Cos Inc/The
298396,General Motors Co
272605,UNITED PARCEL SERVICES INC
298503,Sherwin-Williams Co/The
221737,EOG Resources Inc
278723,Norfolk Southern Corp
315996,KKR & Co Inc
298453,Moody's Corp
298514,Target Corp
309718,The Cigna Group
298412,Illinois Tool Works Inc
218256,Northrop Grumman Co
298404,Hilton Worldwide Holdings Inc
290397,Colgate-Palmolive Co
235491,Fedex Corp
298333,Boston Scientific Corp
229887,Ecolab Inc
279209,Hewlett Packard Enterprise Co
298305,Air Products & Chemicals Inc
298504,Simon Property Group Inc
298319,Aon plc
298323,Arthur J Gallagher & Co
298499,Royal Caribbean Cruises Ltd
298310,Allstate Corp/The
284640,TRANSDIGM GROUP INC
298525,United Rentals Inc
298364,Digital Realty Trust Inc
295642,HCA HEALTHCARE INC
248370,Kinder Morgan Inc
308105,Targa Resources Corp
220095,CRH PLC
318770,Apollo Global Management Inc
246392,Cencora Inc
298521,Truist Financial Corp
238810,ONEOK Inc
298515,TE Connectivity plc
289305,Dominion Energy Inc
298493,Realty Income Corp
219213,Nucor Corporation
278080,WW Grainger Inc
296973,Corteva Inc
298362,Devon Energy Corp
298423,Keysight Technologies Inc
276523,CARDINAL HEALTH INC
282026,FORD MOTOR CO
323727,Coherent Ord
324120,Comfort Systems USA ORD
324625,CIENA Corporation
298316,AMETEK Inc
298502,Sempra Energy
241936,AFLAC INC
223829,State Street Corp
324119,Carvana Cl A Ord
298377,Edwards Lifesciences Corp
298329,Becton Dickinson and Co
298484,Public Storage
298447,Metlife Inc
305521,Delta Air Lines Inc
298315,Ameriprise Financial Inc
298427,L3Harris Technologies Inc
299434,Moderna Inc
298345,Chipotle Mexican Grill Inc
298388,Fifth Third Bancorp
298378,Entergy Corp
298535,Westinghouse Air Brake Technologies Corp
298379,Equity Residential
293697,Rockwell Automation Inc
272602,NIKE Inc
225192,Garmin Ltd
298409,Humana Inc
239631,Ebay Inc
298340,Carrier Global Corp
278697,Ventas Inc
298496,Republic Services Inc
295249,Nasdaq Inc
321972,Block Inc
219636,Occidental Petroleum Corporation
287855,Iqvia Holdings
326102,Ferguson Enterprises Inc
315561,Vistra Corp
298304,Agilent Technologies Inc
322383,Interactive Brokers Group-Cl A
287493,VEEVA SYSTEMS INC
281587,CBRE Group Inc
285588,Yum! Brands Inc
298455,MSCI Inc
298482,Prudential Financial Inc
267054,Waters Corp
298313,American International Group Inc
321454,Flex Ltd
298355,Consolidated Edison Inc
219007,ARCHER-DANIELS-MIDLAND CO
238673,Sysco Corp
298369,DR Horton Inc
298519,The Hartford Insurance Group Inc
225209,NETAPP INC
298483,Public Service Enterprise Group Inc
225185,EXPEDIA INC
311917,Kenvue Inc
298424,Kimberly-Clark Corp
308932,United Airlines Holdings Ord
238674,Vulcan Materials Co
219946,ResMed Inc
298533,WEC Energy Group Inc
298462,Northern Trust Corp
298416,Iron Mountain Inc
298441,M&T Bank Corp
308476,Arch Capital Group Ltd
308103,EQT Corporation
298410,Huntington Bancshares Inc
298358,Crown Castle Inc
322902,Emcor Group Inc
237498,Kroger Co
298542,Zoetis Inc
313512,Jabil Inc
279537,BIOGEN INC
294046,WILLIS TOWERS WATSON PLC
306704,Steel Dynamics Inc
298341,Cboe Global Markets Inc
240791,Martin Marietta Materials Inc
298491,Raymond James Financial Inc
218197,HALLIBURTON CO
298339,Carnival Corp Ltd
324118,Ares Management Corporation
298343,Centene Corp
298385,Extra Space Storage Inc
298311,Ameren Corp
308104,PG&E Corporation
298349,Citizens Financial Group Inc
304884,ON Semiconductor Corp
298436,Live Nation Entertainment Inc
298448,Mettler-Toledo International Inc
239633,FISERV INC COM
299139,Teledyne Technologies Inc
298370,DTE Energy Co
306705,VICI Properties Inc
298021,Dollar General Corp
320064,Casey'S General Store
298326,Atmos Energy Corp
272501,HEWLETT PACKARD CO
298022,Ingersoll Rand Inc
298468,Otis Worldwide Corp
315562,Labcorp Holdings Inc
225504,American WaterWorks Co Inc
320068,Williams-Sonoma Inc
298489,Quest Diagnostics Inc
310153,Fair Isaac & Co Inc
314809,Corpay Inc
298384,Eversource Energy
298347,Cincinnati Financial Corp
298539,Xylem Inc/NY
298367,Dover Corp
289589,Hershey Co/The
298512,Synchrony Financial
298344,CenterPoint Energy Inc
298478,PPL Corp
298495,Regions Financial Corp
280756,ESTEE LAUDER CL A ORD
323714,"Qnity Electronics, Inc."
221743,PPG Industries
298467,Omnicom Group Inc
298513,Tapestry Inc
225186,Expeditors International of Washington I
316380,Smurfit WestRock plc
298360,Darden Restaurants Inc
312716,Veralto Corp
298770,West Pharmaceutical Services Inc
298485,PulteGroup Inc
312714,Hubbell Inc
298389,FirstEnergy Corp
241937,T ROWE PRICE GROUP I
298346,Church & Dwight Co Inc
225228,VERISIGN INC COM
318772,EXPAND ENERGY ORD
294646,Ulta Beauty Inc
298464,NRG Energy Inc
308922,F5 Inc
225183,DOLLAR TREE INC
298509,STERIS PLC
294047,Equifax Inc
298413,International Flavors & Fragrances Inc
298368,Dow Inc
289306,General Mills Inc
318251,Texas Pacific Land Corporation
219066,First Solar Inc
298479,Principal Financial Group Inc
241480,Amcor PLC
298398,Global Payments Inc
298334,Broadridge Financial Solutions Inc
298387,Fidelity National Information Services I
303830,Brown & Brown Inc
298350,CMS Energy Corp
312390,Super Micro Computer Inc
298376,Edison International
298469,Packaging Corp of America
304113,Incyte Corp
240766,SBA Communications Corp
294351,INTERNATIONALPAPER CO
219172,Snap-on Inc
218130,CF Industries Holdings Inc Ord Shs
298422,KeyCorp
298544,WR Berkley Corp
284970,J B Hunt Transport Services Inc
298459,NiSource Inc
296898,CDW Corporation
285590,Zimmer Biomet Holdings Inc
300692,Viatris Inc
321974,Reddit CL A
298507,Southwest Airlines Co
298383,Evergy Inc
298397,Genuine Parts Co
298373,DuPont de Nemours Inc
251389,Tractor Supply Co
298439,Loews Corp
267577,Constellation Brands Inc
298380,Essex Property Trust Inc
298433,Lennar Corp
302168,PTC Inc
295251,Fortive Corp
280757,CH Robinson Worldwide Inc
298432,Leidos Holdings Inc
307789,Jacobs Solutions Inc
298546,Alliant Energy Corp
298465,NVR Inc
308477,Gen Digital Inc
305514,Nordson Corp
218212,IDEX CORP
298540,Zebra Technologies Corp
298537,Weyerhaeuser Co
298440,Lyondellbasell Industries N.V.
294016,Ball Corp
298425,Kimco Realty Corp
307790,Invitation Homes Inc
298307,Albemarle Corp
239634,Akamai Technologies Inc
313069,Bunge Global SA
298330,Best Buy Co Inc
297501,Tyler Technologies Inc
246394,TYSON FOODS INC
301945,Apa Corporation
298450,Mid-America Apartment Communities Inc
298508,Stanley Black & Decker Inc
298382,Everest Group Ltd
298445,Masco Corp
325601,FedEx Freight Holding Company Inc
298414,Invesco Ltd
310857,Revvity Inc
298402,Healthpeak Properties Inc
298518,Textron Inc
298419,JM Smucker Co/The
298324,Assurant Inc
301016,Trimble Inc
298407,Host Hotels & Resorts Inc
302434,Charles River Laboratories International Inc
298446,McCormick & Co Inc
279533,Cooper Companies Inc
295041,FOX-Registered Shs-A
298490,Ralph Lauren Corp
250894,Baxter International Inc
298399,Globe Life Inc
315145,Solventum Corp
293412,Allegion plc
298328,Avery Dennison Corp
298395,Gartner Inc
296900,CoStar Group
298430,Las Vegas Sands Corp
315994,GoDaddy Inc
284286,HASBRO INC COM
294044,LULULEMON ATHLETICA INC
306682,Deckers Outdoor Corp
298494,Regency Centers Corp
318771,Lennox International Inc
298417,Jack Henry & Associates Inc
298476,Pinnacle West Capital Corp
267049,Clorox Co/The
324926,EchoStar Corp
320067,TKO Group Holdings
225021,Huntington Ingalls Industries Inc
304946,FactSet Research System Inc
303392,Bio Techne Ord
298768,News Corp
298522,UDR Inc
301947,Generac Holdings Inc
306139,Camden Property Trust
287673,Align Technology Inc
298498,Rollins Inc
298303,AES Corp/VA
237037,Franklin Resources Inc
308490,Domino's Pizza Inc
304953,Insulet Corp
298332,BXP Inc.
278368,SKYWORKS SOLUTIONS INC COM
218270,Pentair PLC
298321,Aptiv PLC
298386,Federal Realty Investment Trust
298526,Universal Health Services Inc
225195,HENRY SCHEIN INC COM USD0.01
295040,FOX-Registered Shares-B
298308,Alexandria Real Estate Equities Inc
298449,MGM Resorts International
226607,The Mosaic Company Ltd
225234,WYNN RESORTS LTD
279513,Norwegian Cruise Line Holdings Ltd
313510,Builders Firstsource Inc
298318,AO Smith Corp
317493,Erie Indemnity Co
298452,Molson Coors Beverage Co
298406,Hormel Foods Corp
304970,The Trade Desk Inc
298361,DaVita Inc
298335,Brown-Forman Corp
225211,News Corp
322384,Paramount Skydance Productions LLC CL B
312388,Blackstone Inc Contingent Value Right #
322899,Blazing Star Parent LLC #
311554,Johnson & Johnson #
298327,AvalonBay Communities Inc
218183,Exxon Mobil Corporation Ltd
298352,Conagra Brands Inc
300389,Pool Corp
304945,EPAM Systems Inc
289304,The Campbell's Company
100510,Larsen & Toubro Limited ‡
220350,L&T Finance Limited ‡
117569,KEI Industries Limited ‡
208045,Devyani International Ltd.
217667,SIP Technologies  Ltd.
217817,Indbazaar.Com Ltd.
235668,eMudhra Ltd.
207861,EQ - BHARAT COKING COAL LIMITED
207952,EQ - CENTRAL MINE PLANNING & DESIGN INSTITUTE LTD
119580,EQ - HANUMAN TEA COMPANY LIMITED
217791,EQ - WILLARD STORAGE BATTERY LTD.
123323,Kovai Medical Center and Hospital Limited
322345,Hy-Tech Engineers Limited **
132527,Ramkrishna Forgings Limited
228465,United Foodbrands Limited
132762,Action Construction Equipment Limited
132899,Kaveri Seed Company Limited
277374,Antony Waste Handling Cell Limited
100877,EQ - APOLLO TYRES LTD.
218067,EQ - MAHINDRA LOGISTICS LTD.
209165,EQ - SANDHAR TECHNOLOGIES LTD
100495,EQ - ESCORTS KUBOTA LTD
212793,EQ - CARRARO INDIA LTD
223409,EQ - DHOOT TRANSMISSION LIMITED
322950,EQ - SKF INDIA (INDUSTRIAL) LTD
225998,EQ - TCI EXPRESS LTD
100472,EQ - SKF INDIA LTD.
280362,EQ - RADIANT CASH MANAGEMENT SERVICES LTD
317495,Palantir Technologies Inc. Class A
224342,Amazon.Com Inc
298292,Apple Inc.
225210,Netflix Inc.
240763,Meta Platforms
225206,Micron Technology Inc
323819,SHIPROCKET LIMITED
123395,Birla 3M Ltd.
303158,Tracxn Technologies Ltd.
223112,Tatva Chintan Pharma Chem Ltd.
208690,MOIL Ltd.
219075,Freeport-McMoRan Inc
321971,Southern Copper Corp
324346,Cameco Corp
325089,GSPL Transmission Limited #
100249,KSB LTD
295732,Green Panel Industries Ltd
100038,Balrampur Chini Mills Ltd
304683,Venus Pipes & Tubes Ltd
205702,Ellenbarrie Industrial Gases Ltd
124816,Natco Pharma Ltd
123323,Kovai Medical Center & Hospital Ltd
322950,SKF India (Industrial) Ltd
232353,RHI Magnesita India Ltd
100878,Ceat Ltd
100133,ESAB India Ltd
100335,Birla Corporation Ltd
249927,Gujarat Gas Co Ltd
114167,Ganesha Ecosphere Ltd
109627,Hindustan Dorr Oliver Ltd @
106943,JB Chemicals & Pharmaceuticals Ltd
228347,Adani Total Gas Limited
243036,Authum Investment And Infrastructure Limited
208412,Indian Railway Catering And Tourism Corporation Limited
208414,Indian Renewable Energy Development Agency Limited
101301,Tata Investment Corporation Limited
217385,The New India Assurance Company Limited
100180,HDFC BANK LIMITED
132174,ICICI BANK LIMITED
100325,RELIANCE INDUSTRIES LIMITED
132454,BHARTI AIRTEL LIMITED
100510,LARSEN & TOUBRO LIMITED
100209,INFOSYS LIMITED
132215,AXIS BANK LIMITED
100247,KOTAK MAHINDRA BANK LIMITED
100520,MAHINDRA & MAHINDRA LIMITED
100034,BAJAJ FINANCE LIMITED
132540,TATA CONSULTANCY SERVICES LIMITED
124715,SUN PHARMACEUTICAL INDUSTRIES LIMITED
100114,TITAN COMPANY LIMITED
132500,MARUTI SUZUKI INDIA LIMITED
100696,HINDUSTAN UNILEVER LIMITED
132555,NTPC LIMITED
100470,TATA STEEL LIMITED
100049,BHARAT ELECTRONICS LIMITED
100440,HINDALCO INDUSTRIES LIMITED
132281,HCL TECHNOLOGIES LIMITED
132538,ULTRATECH CEMENT LIMITED
200132,BAJAJ AUTO LIMITED
100300,GRASIM INDUSTRIES LIMITED
100228,JSW STEEL LIMITED
100820,ASIAN PAINTS LIMITED
222055,INTERGLOBE AVIATION LIMITED
132898,POWER GRID CORPORATION OF INDIA LIMITED
132921,ADANI PORT & SPECIAL ECONOMIC ZONE LTD
205198,BAJAJ FINSERV LIMITED
105200,EICHER MOTORS LIMITED
100790,NESTLE INDIA LIMITED
132755,TECH MAHINDRA LIMITED
219300,COAL INDIA LIMITED
100251,TRENT LIMITED
108869,APOLLO HOSPITALS ENTERPRISE LIMITED
100312,OIL & NATURAL GAS CORPORATION LIMITED
112599,ADANI ENTERPRISES LIMITED
100087,CIPLA LIMITED
229365,JIO FINANCIAL SERVICES LIMITED
211385,SBI LIFE INSURANCE COMPANY LIMITED
218071,MAX HEALTHCARE INSTITUTE LIMITED
100124,DR. REDDY'S LABORATORIES LIMITED
100800,TATA CONSUMER PRODUCTS LIMITED
100570,TATA MOTORS PASSENGER VEHICLES LIMITED
217389,HDFC LIFE INSURANCE COMPANY LIMITED
107685,WIPRO LIMITED
302921,SJS Enterprises Ltd
256247,Kross Ltd.
211130,GNA Axles Ltd
229238,Affle (India) Limited
206863,Jainpur Straw BRD and Paper Ltd.
130031,Oriqua Ltd.
207393,Sree Rama Polymer
219464,Cognizant Technology Solutions Cl A Com Stk
325825,BMO Investments Inc/Canada
313495,Unicommerce Esolutions Limited
251390,NXP Semiconductors NV
280756,Estee Lauder Cos Inc
267049,The Clorox Company
324130,LPL Financial Holdings Inc
298334,Broadridge Financial Solutions
267577,Constellation Brands Inc
296899,Copart Inc
302735,Airbnb INC
298468,OTIS WORLDWIDE CORP
298445,Masco Corp.
309345,GE HealthCare Technologies Inc
298304,Agilent Technologies Co Ltd
287493,Veeva Systems Inc
290172,Bristol-Myers Squibb Co
298392,Fortinet INC
310153,Fair Isaac Corp
298317,Amphenol Corp.
289589,Hershey Co
218256,Northrop Grumman Corp
240763,Facebook Inc
306689,TRANSUNION
312388,Blackstone Inc
272604,Walt Disney
272603,Pepsico Inc
277063,US Bancorp Inc
298417,JTPM Metal Traders Ltd.
304944,Entegris Inc
304863,Palo Alto Networks INC
296900,Costar Group INC
298446,Mccormick & Co
237034,Applied Material (US)
293119,ServiceNow Inc.
288166,Guidewire Software Inc
294047,Equifax Inc.
304861,Datadog INC
286808,Mercadolibre Inc
282023,Salesforce.Com Inc
272605,United Parcel Service Inc
250278,Boeing Co
298442,MarketAxess Holdings Inc
218212,IDEX Corp
218259,Oracle Corp
289304,Campbell Soup Co
100660,GLAXOSMITHKLINE PHARMACEUTICALS LTD
226611,JSW CEMENT LTD
293665,ARVIND FASHIONS LTD
200094,PNC INFRATECH LTD
316572,TRUALT BIOENERGY LTD
311638,EPACK DURABLE LTD
132885,Central Bank of India
132388,Indian Overseas Bank
132505,UCO Bank
218058,Punjab & Sind Bank
209024,R R Kabel Ltd.
200515,ZF Commercial Vehicle Ctrl Sys Ind Ltd.
207952,Central Mine Planning & Design Inst Ltd.
209370,Symbiotec Pharmalab Ltd.^^
132856,Time Technoplast Ltd.
124494,IPCA LABORATORIES LTD
215477,ENDURANCE TECHNOLOGIES LTD
209373,SYNGENE INTERNATIONAL LTD
305013,MOTHERSON SUMI WIRING INDIA LTD
100690,GUJARAT STATE FERTILIZERS &CHEM LTD
100290,MRF LTD
105790,SCHAEFFLER (I) LTD
131162,EMAMI LTD
100870,CASTROL INDIA LTD
100674,SANOFI INDIA LTD
106943,J.B.CHEMICALS & PHARMACEUTICALS LTD
273811,Manipal Health Enterprises Ltd^
123323,Kovai Medical Center And Hospital Ltd
302427,Vijaya Diagnostic Centre Ltd
100126,Procter & Gamble Health Ltd
106690,Unichem Laboratories Ltd
321747,Nephrocare Health Services Ltd
317079,Laxmi Dental Ltd
302166,Globus Medical Inc
294619,Abbott Laboratories
315995,Grail Inc
225196,Illumina Inc
223430,EQ - VEDANT FASHIONS LTD
208364,EQ - ICICI PRUDENTIAL ASSET MANAGEMENT COMPANY LIMITED
223586,EQ - SBI FUNDS MANAGEMENT LIMITED
315602,EQ - SANOFI CONSUMER HEALTHCARE INDIA LTD
126612,Blue Dart Express Limited
117385,Symphony Limited
323597,KWALITY WALL'S INDIA LTD
210320,Interarch Building Solutions Ltd.
303180,PRUDENT CORPORATE ADVISORY SERVICES LTD
273557,Fusion Finance Ltd
288401,ORIENT ELECTRIC LTD
100031,BAJAJ ELECTRICALS LTD
132784,SOBHA LTD
294914,GO DIGIT GENERAL INSURANCE LTD
216147,NUVOCO VISTAS CORPORATION LTD
100084,CESC LTD
218771,SPR AUTO TECHNOLOGIES LTD
295732,GREENPANEL INDUSTRIES LTD
293537,Clean Max Enviro Energy Solutions Ltd
274038,India Shelter Finance Corporation Ltd
217842,Godrej Agrovet Ltd
318418,GNG Electronics Ltd
244937,PTC Industries Limited
317106,Quality Power Electrical Eqp Ltd
123598,Shipping Corporation Of India Limited
102219,BOROSIL RENEWABLES LIMITED
131431,Shakti Pumps (India) Limited
221174,Honeywell Internation India Pvt Ltd
279017,Alphabet Inc
308933,Walmart Stores
224345,Intel Corp
295796,Cisco Systems Inc
317495,Palantir Technologies Inc.
225180,Costco Wholesale
225199,Lam Research Corporation
325818,Space Exploration Technologies Corp.
239629,Texas Instrument Inc
225220,Sandisk Corp.
225107,Amgen Inc
225198,KLA-Tencor corp
298435,Linde Plc
279514,T- Mobile Us Inc
225203,Marvell Technology Inc
225194,Gilead Sciences Inc.
320897,Shopify Inc
224346,Qualcomm Inc.
240759,Analog Devices Inc
244684,ASML Holding NV-NY REG SHS
240768,Western Digital Corp
225229,Vertex Pharmaceuticals Inc
225238,INTUITIVE SURGICAL INC COM
254201,Starbucks  (US)
225169,Automatic Data Processing Inc
312712,ARM HOLDINGS PLC - ADR
305513,Constellation Energy
304929,Applovin Corporation - A
225109,Comcast Corporation
288162,Cadence Design Systems Inc
250446,Marriott International
239625,Monster Beverage Corporation
288163,Synopsys Inc
240765,Regeneron Pharmaceuticals Inc
284285,Cintas Corporation
225219,Ross Stores Inc
225214,Oreilly Automotive Inc
306140,WARNER BROS DISCOVERY INC
324123,"Lumentum Holdings Inc,."
225215,Paccar Inc
225189,Fastenal Co
298363,DIAMONDBACK ENERGY INC
300137,Pinduoduo Inc - ADR
300138,TERADYNE INC
239632,Autodesk
318773,Astera Labs INC
304934,Coca-Cola European Partners US LLC
293706,Xcel Energy Inc
225216,Paychex Inc
304974,Nebius Grp NV
237036,Exelon (US)
315999,Microstrategy Inc. - Class A
300388,Keurig Dr Pepper Inc.
295250,Roper Technologies Inc
288164,Take-Two Interactive Software Inc
296452,Microchip Technology Inc.
322900,Coreweave INC
325586,Rocket Lab Corp
278037,Kraft Heinz Co/The
225184,Electronic Arts Inc
302738,Zscaler INC
132808,PEARL GLOBAL INDUSTRIES LTD
215216,CRAFTSMAN AUTOMATION LTD
111196,CAN FIN HOMES LTD
209979,ADITYA BIRLA SUN LIFE AMC LTD
302427,VIJAYA DIAGNOSTIC CENTRE LTD
273033,EQUITAS SMALL FINANCE BANK LTD
102355,BALKRISHNA INDUSTRIES LTD
132683,AIA ENGINEERING LTD
100680,PFIZER LTD
287237,UJJIVAN SMALL FINANCE BANK LTD
124200,VINATI ORGANICS LTD
221661,AADHAR HOUSING FINANCE LTD
296214,RESTAURANT BRANDS ASIA LTD
209420,Tata Technologies Limited
132627,Jaiprakash Power Ventures Limited
113023,Nava Limited
117271,HBL Engineering Limited
124816,Natco Pharma Limited
131358,Choice International Limited
100110,Chennai Petroleum Corporation Limited
200039,Reliance Power Limited
100106,IFCI Limited
215690,Gravita India Limited
132439,Olectra Greentech Limited
308021,NMDC Steel Limited
190024,Fertilizers and Chemicals Travancore Limited
124742,Caplin Point Laboratories Limited
104614,Sarda Energy & Minerals Limited
132181,Gujarat Mineral Development Corporation Limited
294253,Brainbees Solutions Ltd
123596,IRCON International Limited
123367,DCM Shriram Limited
226328,Anupam Rasayan India Limited
132163,Saregama India Limited
100109,Mangalore Refinery and Petrochemicals Limited
121064,Trident Limited
281585,BLS International Services Limited
307329,Blue Jet Healthcare Ltd
130005,The India Cements Limited
123610,ITI Limited
132605,JBM Auto Limited
209038,RailTel Corporation of India Limited
132748,Prime Focus Limited
132371,Tata Teleservices (Maharashtra) Limited
303322,C.E. Info Systems Limited
132726,Gallantt Ispat Limited
113377,MMTC Limited
324996,VEDANTA ALUMINIUM METAL LTD**
310935,WESTERN CARRIERS (INDIA) LTD
217126,MALCO ENERGY LIMITED**
324997,VEDANTA IRON & STEEL LTD**
226019,TALWANDI SABO POWER LTD.**
205474,SIV Industries Limited #
213978,Royal Indutries Limited #
123864,DSQ SOFTWARE #
206118,Western Paques (India) Limited #
217810,Amex Carb & Chem Limited #
222078,Accord Cotsyn Limited #
100459,Procter & Gamble Hygiene & Health Care Limited
232356,Aeroflex Industries Limited
122163,Diamond Power Infra Limited
218771,Shriram Pistons and Rings Ltd
130117,Privi Speciality Chemicals Limited
226627,Sharda Cropchem Limited
100368,Patanjali Foods Ltd
218761,Mold-Tek Packaging Ltd
322110,Onemi Technology Solutions Ltd.
190006,Amrutanjan Health Care Ltd.
100124,Dr. Reddys Laboratories Limited
209370,SYMBIOTEC PHARMALAB LIMITED****
212661,BAJAJ HEALTHCARE LIMITED
100672,Novartis India Ltd.
132408,Sigma Advanced Systems Limited
288028,Atlanta Electricals Ltd
211130,GNA Axles Limited
106879,Gujarat Themis Biosyn Limited
210595,Swan Defence And Heavy Industries Ltd
324263,Turtlemint Fintech Solutions Limited
318979,Shreeji Shipping Global Limited
132768,FIEM Industries Limited
113517,Steelcast Ltd
130655,Goodluck India Limited
322721,Ardee Industries Limited
321348,Skyways Air Services Ltd
130475,Tinna Rubber and Infrastructure Limited
109079,Gufic Biosciences Limited
229403,Jash Engineering Limited
251026,Vidya Wires Limited
308651,Zaggle Prepaid Ocean Services Limited
130367,NRB Bearing Limited
100331,Pidilite Industries Ltd
322110,ONEMI TECHNOLOGY SOLUTIONS LTD
217396,CANARA HSBC LIFE INSURANCE COMPANY LTD
190003,KARUR VYSYA BANK LTD
295952,MUFIN GREEN FINANCE LTD
209078,NIPPON LIFE INDIA  ASSET MANAGEMENT LTD
106076,Grindwell Norton Limted
130037,Sparkle Gold Rock Limited
213553,Maruti Cottex Ltd.
218596,Sri Venkatesha Mill Ltd.
207570,Visakha Aqua Farm Ltd.
322950,SKF INDIA INDUSTRIAL LTD
280713,Crompton Greaves Consumer Electrical Ltd
226720,KALYAN JEWELLERS INDIA LIMITED
100490,Bajaj Holdings & Investment.Ltd
217379,ICICI Lombard General Insurance Company
114162,Welspun Living Ltd
122074,Elgi Equipments Ltd
123405,JM Financial Ltd
100870,Castrol India Ltd
308764,Honasa Consumer Ltd
213597,Minda Corporation Ltd
109480,Berger Paints India Ltd
100165,Kansai Nerolac Paints Ltd
123598,Shipping Corporation of India Ltd
132374,Sterlite Technologies Ltd
207673,Awl Agri Business Ltd
132922,Edelweiss Financial Services Ltd
101425,Bombay Burmah Trading Corporation Ltd
303157,Rategain Travel Technologies Ltd
208264,Gujarat Pipavav Port Ltd
132209,The Jammu & Kashmir Bank Ltd
132524,PTC India Ltd
121016,Indo Count Industries Ltd
124404,Marksans Pharma Ltd
210174,General Insurance Corporation Of India
207679,Advanced Enzyme Technologies Ltd
105255,GMM Pfaudler Ltd
210903,TVS Supply Chain Solutions Ltd
210258,ICICI Prudential Life Insurance Co Ltd
113023,Nava Ltd
100620,Great Eastern Shipping Co Ltd
100101,Arvind Ltd
100878,CEAT Ltd
209532,VA Tech Wabag Ltd
132768,Fiem Industries Ltd
100110,Chennai Petroleum Corporation Ltd
323308,Allcargo Global Ltd **
226019,Talwandi Sabo Power Ltd **
217126,Malco Energy Ltd **
324996,Vedanta Aluminium Metal Ltd **
324997,Vedanta Iron And Steel Ltd **
130007,JK Tyre & Industries Ltd
130813,KRBL Ltd
124230,Rashtriya Chemicals and Fertilizers Ltd
216147,Nuvoco Vistas Corporation Ltd
242153,Eureka Forbes Ltd.
295966,Samhi hotels Ltd
117385,Symphony Ltd
126947,La Opala RG Ltd.
111243,Cholamandalam Investment & Fin Co Ltd.
229820,Schneider Electric Infrastructure Ltd.
312314,Azad Engineering Ltd.
222255,Eris LifeSciences Limited
132734,Godawari Power and Ispat Ltd
104614,Sarda Energy and Minerals Limited
306733,Signatureglobal (India) Limited
122275,GE T&D INDIA LIMITED
320350,URBAN COMPANY LIMITED
304682,TBO TEK LIMITED
123838,Simplex Infrastructures Limited
102157,Mangalam Cement Limited
290269,Indiamart Intermesh Ltd
220869,Techno Electric & Engineering Co Ltd
317396,Sambhv Steel Tubes Ltd
322252,Leap India Private Limited
317343,Solarworld Energy Solutions Limited
318902,Euro Pratik Sales Ltd.
318418,GNG Electronics Limited
106854,TANFAC Industries Ltd
109488,Graphite India Limited.
315581,QUADRANT FUTURE TEK LIMITED
256247,KROSS LIMITED
200194,Crescent Finstock Ltd @
100037,Balmer Lawrie Freight Containers Ltd @
205562,Precision Fasteners Ltd @
130591,Noble Brothers Impex Ltd @
131625,Sangam Health Care Products Ltd @
116068,Mukerian Papers Ltd @
217792,Virtual Dynamics Software Ltd @
200007,Jyothy Laboratories Ltd
100850,The Indian Hotels Company Ltd
312884,Gopal Snacks Ltd
100126,EQ - PROCTOR & GAMBLE HEALTH LTD
273811,^^Manipal Health Enterprises Ltd
130135,Optiemus Infracom Ltd
100672,Novartis India Limited
123398,Bosch Home Comfort India Ltd
325669,Triveni Power Transmission Limited **
274041,Dr. Agarwals Health Care Ltd
311742,DOMS INDUSTRIES LTD
132443,CERA SANITARYWARE LTD
223788,ETHOS LTD
207673,AWL AGRI BUSINESS LTD
107815,GILLETTE INDIA LTD
100126,PROCTER & GAMBLE HEALTH LTD
308764,HONASA CONSUMER LTD
292711,Flair Writing Industries Ltd.
100180,HDFC Bank Ltd # ~~
132174,ICICI Bank Ltd ^ ~~
132454,Bharti Airtel Ltd !! ~~
132215,Axis Bank Ltd ! ~~
100325,Reliance Industries Ltd $ ~~
100209,Infosys Ltd $$ ~~
132281,HCL Technologies Ltd ! ^
124715,Sun Pharmaceutical Industries Ltd ## ~~
102452,EQ - SHREE VINDHYA PAPER MILLS LTD.
132790,Tanla Platforms Limited
322858,Q-Line Biotech Ltd
100092,EQ - CRISIL LTD.
100249,EQ - KSB LTD
267543,EQ - GULF OIL LUBRICANTS INDIA LTD
207679,EQ - ADVANCED ENZYME TECHNOLOGIE LT
237742,EQ - INDO-MIM LIMITED
311742,EQ - DOMS INDUSTRIES LTD
106820,EQ - ASTRAZENCA PHARMA INDIA LTD.
107815,EQ - GILLETTE INDIA LTD.
100413,EQ - THOMAS COOK [I] LTD.
304714,Aether Industries Ltd
100249,KSB Ltd
208089,NUVAMA WEALTH MANAGEMENT LTD.
105533,WESTLIFE FOODWORLD LTD
320350,URBAN COMPANY LTD
117174,HONEYWELL AUTOMATION INDIA LTD
100238,WHIRLPOOL OF INDIA LTD
228011,Arvind Smartspaces Ltd.
216564,Prince Pipes And Fittings Ltd.
132885,CENTRAL BANK OF INDIA
132388,INDIAN OVERSEAS BANK
132505,UCO BANK
218058,PUNJAB & SIND BANK
217280,Indian Railways Finance Corp. Ltd.
100183,HFCL Ltd
113599,HINDUSTAN COPPER LIMITED
100003,Aegis Logistics Ltd
132482,Granules India Ltd.
100008,Amara Raja Energy &  Mobility Limited
229238,AFFLE 3I LIMITED
131595,Capri Global Capital  LTD
209024,R R KABEL LIMITED
100645,Deepak Fertilisers & Petrochemicals Corp. Ltd.
115055,ANANT RAJ LIMITED
117146,Usha Martin Ltd
211595,Belrise Industries Limited
100033,FORCE MOTORS LTD
216065,Jyoti CNC Automation Limited
113023,NAVA LIMITED
132527,RAMKRISHNA FORGINGS LIMITED
267465,Shyam Metalics and Energy Ltd
100878,Ceat Ltd.
109496,Cemindia Projects Limited
100110,Chennai Petroleum Corp Ltd.
132209,Jammu & Kashmir Bank Ltd.
210284,INDEGENE LIMITED
200039,Reliance Power Ltd.
322366,Physicswallah Limited.
114162,WELSPUN LIVING LIMITED
100106,IFCI LIMITED
100294,NCC LTD.
320627,ADITYA BIRLA LIFESTYLE BRANDS LIMITED
124742,Caplin Point Laboratories Ltd
190024,Fertilisers And Chemicals Travancore Limited
123598,Shipping Corporation of India Ltd.
132762,Action Construction Equipments Ltd
132181,Gujarat Mineral Dev. Corp. Ltd.
123367,DCM Shriram Ltd
123596,Ircon International Ltd.
226328,Anupam Rasayan India Ltd
105700,Elecon Engineering Comapny Ltd.
132163,Saregama India Ltd
231440,Allied Blenders and Distillers Limited
213672,Newgen Software Technologies Ltd.
200019,Transformers & Rectifiers India Ltd
100109,MANGALORE REFINERY AND PETROCHEMICA
306733,SIGNATUREGLOBAL (INDIA) LIMITED
121064,Trident Ltd.
281585,BLS International Services Ltd
307329,Blue Jet Healthcare Limited
101425,Bombay Burmah Trading Corp Ltd
130005,India Cements Ltd.
123610,ITI Ltd
132605,JBM AUTO LTD.
228017,Travel Food Services Limited.
132371,Tata Teleservices (Maharashtra) Ltd.
303322,C.E. INFO SYSTEMS LIMITED
113377,MMTC LTD
107685,Wipro Ltd
320396,Corona Remedies Ltd.
208763,MTAR technologies Ltd.
244937,PTC Industries Ltd.
109496,Cemindia Projects Ltd.
208196,Garden Reach Shipbuilders & Engineers Ltd.
291768,SKY Gold & Diamonds Ltd.
229238,AFFLE 3I Ltd.
320775,KSH International Ltd.
132796,Lumax Auto Technologies Ltd.
304683,Venus Pipes And Tubes Ltd.
247454,Vintage Coffee And Beverages Ltd.
226019,Vedanta Power Ltd
132642,JSW Holdings Limited
109557,Garware Technical Fibres Limited
120111,RATNAMANI METALS & TUBES LTD
322113,LOHIA CORP LTD
223666,DEE DEVELOPMENT ENGINEERS LTD
100307,NIRLON LIMITED
208661,Mahanagar Gas Ltd
321317,Juniper Green Energy Ltd^
132734,Godawari Power and Ispat Limited
130843,Cupid Limited
209400,Tamilnad Mercantile Bank Limited
282112,Lloyds Engineering Works Limited
277169,Bluestone Jewellery And Lifestyle Limited
100185,Hindustan Construction Company Limited
223032,PC Jeweller Ltd
100670,Gujarat Narmada Valley Fertilizers and Chemicals Limited
208264,Gujarat Pipavav Port Limited
122285,Jayaswal Neco Industries Limited
112463,Lloyds Enterprises Ltd
100339,Rain Industries Limited
100472,SKF India Limited
100690,Gujarat State Fertilizers & Chemicals Limited
112573,Avanti Feeds Limited
240461,Jana Small Finance Bank Limited
284503,ASK Automotive Limited
130813,KRBL Limited
275070,AvenuesAI Limited
132375,Tips Music Limited
131112,Balu Forge Industries Limited
293000,KPI Green Energy Limited
242153,Eureka Forbes Limited
317106,Quality Power Electrical Equipments Limited
105192,SML Mahindra Limited
295966,Samhi Hotels Limited
127001,Ashapura Minechem Limited
100039,Banco Products (I) Limited
305653,GMR Power and Urban Infra Limited
100201,India Glycols Limited
130999,Balaji Amines Limited
130517,Relaxo Footwears Limited
100128,Electrosteel Castings Limited
219492,Valor Estate Limited
104918,Sandur Manganese And Iron Ores Limited
132768,Fiem Industries Limited
226480,Dilip Buildcon Limited
124226,Gujarat Ambuja Exports Limited
295131,Sterling And Wilson Renewable Energy Limited
102219,Borosil Renewables Limited
117498,Websol Energy Systems Ltd
303723,Jeena Sikho Lifecare Limited
132668,Aurionpro Solutions Limited
237056,Waaree Renewable Technologies Ltd
218933,RattanIndia Power Limited
101455,Greaves Cotton Limited
132670,Shree Renuka Sugars Limited
217582,Indian Metals & Ferro Alloys Limited
190064,Jai Balaji Industries Limited
132872,Sun Pharma Advanced Research Company Limited
280212,Gokul Agro Resources Limited
208646,MSTC Limited
132798,Network18 Media & Investments Limited
100336,Surya Roshni Limited
132884,Refex Industries Ltd
229617,Transrail Lighting Limited
130305,PICCADILY AGRO INDUSTRIES Limited
325669,Triveni Power Transmission Limited
319926,Park Medi World Limited
210903,TVS Supply Chain Solutions Limited
124230,Rashtriya Chemicals and Fertilizers Limited
132528,Datamatics Global Services Limited
318572,Sri Lotus Developers and Realty Ltd.
207945,Star Cement Limited
124348,Aarti Drugs Limited
208615,Laxmi Organic Industries Limited
207679,Advanced Enzyme Technologies Limited
117168,Subros Limited
100338,Prism Johnson Limited
105726,IFB Industries Limited
132156,Vaibhav Global Limited
287141,Share India Securities Limited
132891,Puravankara Limited
296057,Hemisphere Properties India Limited
121248,Kitex Garments Limited
121070,Alok Industries Limited
229901,RattanIndia Enterprises Limited
307636,Enviro Infra Engineers Limited
123630,National Fertilizers Limited
273198,Route Mobile Limited
242477,Orient Cement Limited
314702,Crizac Limited
325729,INOX Renewable Solutions Limited
323308,Allcargo Global Limited
218067,Mahindra Logistics Ltd
213499,M&B ENGINEERING LTD
282626,H G Infra Engineering Ltd.
312314,AZAD ENGINEERING LTD
132811,AHLUWALIA CONTRACTS (INDIA) LTD
132717,Indo Tech Transformers Limited
288853,E2E Networks Ltd.
117380,Igarashi Motors Ltd
100249,Ksb Ltd.
319459,Excelsoft Technologies Limited
325669,^^Triveni Power Transmission Limited **
100710,Jsw Dulux Ltd
100085,Chambal Fertilizers & Chemicals Ltd
218240,Mediatek Inc
237497,"Unilever PLC, (ADR)"
218209,Hyundai Motor Co Ltd
219094,Hon Hai Precision Industry Co Ltd
318618,FUJIYAMA POWER SYSTEMS LTD
106076,GRINDWELL NORTON LTD
221842,CREDITACCESS GRAMEEN LTD
217842,GODREJ AGROVET LTD
100655,Garware Hi-Tech Films Ltd.
289858,Manorama Industries Ltd.
131431,Shakti Pumps (India) Ltd.
132163,Saregama India Ltd.
220869,Techno Electric & Engineering Co. Ltd.
223666,Dee Development Engineers Ltd.
256461,Divgi Torqtransfer Systems Ltd.
207933,Capital Small Finance Bank Limited
132922,Edelweiss Financial Services Ltd.
319926,Park Medi World Ltd.
132375,Tips Music Ltd.
100463,Black Box Ltd.
219185,Tencent Holdings Ltd
296426,Trip.Com Group Limited
223571,Canara Robeco Asset Management Company Limited
274045,EQ - RAINBOW CHILDRENS MEDICARE LTD
302921,EQ - S.J.S ENTERPRISES LTD
322180,Molbio Diagnostics Ltd
200043,EQ - J. KUMAR INFRAPROJECTS LTD
200115,EQ - TITAGARH RAIL SYSTEMS LTD
207778,EQ - ASHOKA BUILDCON LTD.
283207,EQ - VIKRAM SOLAR LIMITED
275477,Studds Accessories Limited
208433,INOX INDIA LTD
222554,DATA PATTERNS (INDIA) LTD
109496,CEMINDIA PROJECTS LTD
122287,KALPATARU PROJECTS INTERNATIONAL LTD
256247,KROSS LTD
225998,TCI EXPRESS LTD
207837,BANSAL WIRE INDUSTRIES LTD
205702,ELLENBARRIE INDUSTRIAL GASES.
200025,ISGEC HEAVY ENGINEERING LTD
200046,KNR CONSTRUCTIONS LTD
100472,SKF INDIA LTD
300790,TARC LTD
293665,Arvind Fashions Ltd
132638,Shoppers Stop Ltd
106879,Gujarat Themis Biosyn Ltd
123323,Kovai Medical Center & Hospital Ltd.
322918,TATA Motors Ltd
100238,Whirlpool of India Ltd
275557,Yasho Industries Limited
120073,Racl Geartech Limited
285652,Zota Health Care Limited
100414,TIMEX GROUP INDIA LIMITED
296214,Restaurant Brands Asia Ltd
211531,JustDial Ltd
132174,ICICI Bank Ltd ## ~~
132215,Axis Bank Ltd !! ~~
100325,Reliance Industries Ltd $ #
132454,Bharti Airtel Ltd # *
278580,IDFC First Bank Ltd ^ ~~
100440,Hindalco Industries Ltd $ ~~
112599,Adani Enterprises Ltd ## **
100034,Bajaj Finance Ltd ! ^
124715,Sun Pharmaceutical Industries Ltd # ~~
208238,Godrej Properties Ltd $$ ##
100875,ITC Ltd ! ~~
205198,Bajaj Finserv Ltd $$ !
280713,Crompton Greaves Consumer Electricals Ltd !! ^^
252306,Eternal Ltd ## !!
209068,RBL Bank Ltd ^^ ~
220741,Sammaan Capital Ltd
112455,Lloyds Metals And Energy Ltd.
228347,Adani Total Gas Ltd.
243036,Authum Investment & Infrastructure Ltd.
208412,Indian Railway Catering & Tourism Corporation Ltd.
207673,AWL Agri Business Ltd.
208414,Indian Renewable Energy Development Agency Ltd.
101301,Tata Investment Corporation Ltd.
100164,Godrej Industries Ltd.
217385,The New India Assurance Co. Ltd.
208766,MULTI COMMODITY EXCHANGE OF INDIA LIMITED
190071,SUNDARAM FINANCE LTD.
132508,JINDAL STAINLESS LTD
222554,Data Patterns India Ltd.
284650,Pricol Ltd.
106943,J.B. Chemicals & Pharmaceuticals Limited
303575,ELECTRONICS MART INDIA LIMITED
218761,MOLD-TEK PAKAGING LIMITED
106285,Bayer Cropscience Ltd.
124372,Orchid Pharma Ltd.
313296,AWFIS Space Solutions Ltd.
126783,Dr Agarwal's Eye Hospital Ltd.
255331,Tega Industries Ltd.
100183,HFCL Ltd.
100003,Aegis Logistics Ltd.
100184,Himadri Speciality Chemical Ltd.
132636,IIFL Finance Ltd.
100008,Amara Raja Energy & Mobility Ltd.
278701,Five Star Business Finance Ltd.
131595,Capri Global Capital Ltd.
115055,Anant Raj Ltd.
190032,Zen Technologies Ltd.
132627,Jaiprakash Power Ventures Ltd.
113023,Nava Ltd.
267465,Shyam Metalics and Energy Ltd.
132527,Ramkrishna Forgings Ltd.
124816,Natco Pharma Ltd.
117271,HBL Engineering Ltd.
130019,Jubilant Pharmova Ltd.
131358,Choice International Ltd.
132209,The Jammu & Kashmir Bank Ltd.
114162,Welspun Living Ltd.
132783,LT Foods Ltd.
100085,Chambal Fertilisers and Chemicals Ltd.
100106,IFCI Ltd.
215690,Gravita India Ltd.
132439,Olectra Greentech Ltd.
190024,Fertilisers And Chemicals Travancore Ltd.
131335,Zydus Wellness Ltd.
100116,IDBI Bank Ltd.
124742,Caplin Point Laboratories Ltd.
132756,CIE Automotive India Ltd.
123405,JM Financial Ltd.
130007,JK Tyre & Industries Ltd.
132181,Gujarat Mineral Development Corporation Ltd.
210859,Tejas Networks Ltd.
103310,Swan Corp Ltd.
316052,Aegis Vopak Terminals Ltd.
226328,Anupam Rasayan India Ltd.
209492,UTI Asset Management Co. Ltd.
200019,Transformers & Rectifiers (India) Ltd.
220674,Jupiter Wagons Ltd.
306733,Signatureglobal (India) Ltd.
209097,Rites Ltd.
281585,BLS International Services Ltd.
123610,ITI Ltd.
101425,The Bombay Burmah Trading Corporation Ltd.
132605,JBM Auto Ltd.
209038,Railtel Corporation of India Ltd.
232592,Latent View Analytics Ltd.
132371,Tata Teleservices (Maharastra) Ltd.
132748,Prime Focus Ltd.
132726,Gallantt Ispat Ltd.
284289,Makemytrip Ltd
224342,Amazon.com INC
240763,Meta Platforms Inc
100730,NOCIL Ltd
287820,All Time Plastics Ltd
208690,MOIL Ltd
105283,Kirlosakar Pneumatic Company Ltd
274083,Landmark Cars Ltd.
218067,Mahindra Logistics Ltd.
290882,Caliber Mining And Logistics Ltd.
130367,NRB Bearings Ltd.
215605,Gaja Alternative Asset Management Ltd.
228465,Barbeque Nation Hospitality Ltd.
308764,HONASA CONSUMER LTD.
303704,CMR GREEN TECHNOLOGIES LTD
303704,CMR Green Technologies Ltd
132504,NAVIN FLUORINE INTERNATIONAL LTD.
218533,Narayana Hrudalaya Ltd
123153,EQ - GEEKAY EXIM (INDIA) LTD.
117159,EQ - TELEPHONE CABLES LTD.
114472,EQ - FILAMENTS INDIA LIMITED
217811,EQ - DAMANIA CAPITAL MARKETS LTD.
105283,Kirloskar Pneumatic Co. Ltd.
109820,Huhtamaki India Limited
322612,Purple Style Labs Limited
209147,SAI LIFE SCIENCES LTD
131599,FDC LTD
279664,GLOBAL HEALTH LTD
221033,ASTER DM QUALITY CARE LTD
209344,SUMITOMO CHEMICAL INDIA LTD
232793,ACUTAAS CHEMICALS LTD
322180,MOLBIO DIAGNOSTICS LTD
315602,SANOFI CONSUMER HEALTHCARE INDIA LTD
227768,ZIM LABORATORIES LTD
130019,JUBILANT PHARMOVA LTD
210039,CONCORD BIOTECH LTD
124558,NEULAND LABORATORIES LTD
320396,CORONA REMEDIES LTD
208764,Orkla India Ltd.
308020,Aarti Pharmalabs Ltd
200082,Mahindra Holidays and Resorts India Ltd.
212705,Bharat Dynamics Limited ‡
318572,Sri Lotus Developers And Realty Limited
313495,Unicommerce eSolutions Limited
322110,OnEMI Technology Solutions Limited#
305788,Yatharth Hospital & Trauma Care Serv Ltd
288451,FINE ORGANIC INDUSTRIES LIMITED
274038,INDIA SHELTER FIN CORP LTD
312314,Azad Engineering Limited
304683,VENUS PIPES & TUBES LTD
209400,Tamilnad Mercantile Bank Ltd.
209370,Symbiotec Pharmalab Ltd
215605,Gaja Alternative AMC Limited
108814,Cosmo First Limited
132762,Action Construction Equipment Ltd
278701,FIVE-STAR BUSINESS FINANCE LIMITED
321136,PNGS Reva Diamond Jewellery Limited
226625,Mas Financial Services Ltd.
295732,Greenpanel Industries Ltd.
295756,L'OREAL
217396,Canara HSBC Life Insurance Co Limited
314700,P N Gadgil Jewellers Ltd.
321092,Waterways Leisure Tourism Limited
104973,EQ - CHOLAMANDALAM FINANCIAL HOLDIN
112529,EQ - VIYASH SCIENTIFIC LTD
239342,EQ - SUDEEP PHARMA LIMITED
255003,EQ - WINDLAS BIOTEC LTD
317079,EQ - LAXMI DENTAL LIMITED
308020,EQ - AARTI PHARMALABS LTD
130019,EQ - JUBILANT PHARMOVA LIMITED
283316,National Securities Depository Ltd.
109820,Huhtamaki India Ltd
208412,Indian Railway Catering &Tou. Corp. Ltd.
221129,GPT Infraprojects Limited
117544,Centum Electronics Limited
132349,Transport Corporation of India Limited
311720,Sundaram Clayton Limited
126247,Premier Explosives Limited
209370,Symbiotec Pharmalab Limited^
322345,HY-Tech Engineers Limited^
228974,360 One Wam Limited
322847,Advit Jewels Limited^
100444,WEST COAST PAPER MILLS LTD
208661,MAHANAGAR GAS LTD
208690,MOIL LTD
124208,AARTI INDUSTRIES LTD
232353,RHI MAGNESITA INDIA LTD
217280,Indian Railway Finance Corporation Ltd
217126,Malco Energy Limited^
226019,Talwandi Sabo Power Limited^
324997,Vedanta Iron And Steel Limited^
324996,Vedanta Aluminium Metal Limited^
267465,Shyam Metalics & Energy Limited
222554,Data Patterns India Private Limited
190032,Zen Technologies Ltd
287382,Apollo Micro Systems Ltd
301603,Paras Defence & Space Technologies Ltd
105242,Dynamatic Technologies Ltd
132395,AXISCADES Technologies Ltd
214816,Akums Drugs & Pharmaceuticals Ltd.
132804,Technocraft Industries (India) Limited
284289,MAKEMYTRIP LTD
316399,SharkNinja INC
218296,SAMSUNG ELECTRONICS - GDR
299451,Sea Ltd
304964,Roku Inc
311556,Spotify Technology SA
320998,Amer Sports Incorporation
304549,SYRMA SGS TECHNOLOGY LIMITED
240461,Jana Small Finance Bank Ltd
207679,Advanced Enzyme Technologies Ltd.
277585,Inox Green Energy Services Ltd.
325729,Inox Renewable Solutions Ltd.
124372,ORCHID PHARMA LTD
307332,PIRAMAL PHARMA LTD
132612,INDOCO REMEDIES LTD
284184,PSP Projects Limited
132488,DIVI'S LABORATORIES LIMITED
132343,TVS MOTOR COMPANY LIMITED
322918,TATA MOTORS LIMITED
219494,HINDUSTAN AERONAUTICS LIMITED
209867,ADANI POWER LIMITED
111243,CHOLAMANDALAM INVEST & FINANCE CO LTD
100420,TORRENT PHARMACEUTICALS LIMITED
100480,CUMMINS INDIA LIMITED
100547,BHARAT PETROLEUM CORPORATION LIMITED
100850,THE INDIAN HOTELS COMPANY LIMITED
223595,AVENUE SUPERMARTS LIMITED
100825,BRITANNIA INDUSTRIES LIMITED
100400,THE TATA POWER COMPANY LIMITED
208280,HDFC ASSET MANAGEMENT COMPANY LIMITED
100331,PIDILITE INDUSTRIES LIMITED
130965,INDIAN OIL CORPORATION LIMITED
100490,BAJAJ HOLDINGS & INVESTMENT.LTD
132810,POWER FINANCE CORPORATION LIMITED
132725,SOLAR INDUSTRIES INDIA LIMITED
132155,GAIL (INDIA) LIMITED
100295,VEDANTA LIMITED
271875,ADANI ENERGY SOLUTIONS LIMITED
132286,JINDAL STEEL LIMITED
132432,UNITED SPIRITS LIMITED
100530,BOSCH LIMITED
216156,LTIMINDTREE LTD
289554,ADANI GREEN ENERGY LIMITED
200055,REC LIMITED
100002,ABB INDIA LIMITED
132424,GODREJ CONSUMER PRODUCTS LIMITED
100550,SIEMENS LIMITED
219442,LODHA DEVELOPERS LIMITED
221790,MUTHOOT FINANCE LIMITED
208361,HYUNDAI MOTOR INDIA LIMITED
100387,SHREE CEMENT LIMITED
132321,ZYDUS LIFESCIENCES LIMITED
100188,HINDUSTAN ZINC LIMITED
320028,SIEMENS ENERGY INDIA LIMITED
100425,AMBUJA CEMENTS LIMITED
219700,MAZAGON DOCK SHIPBUILDERS LIMITED
217280,INDIAN RAILWAY FINANCE CORPORATION LTD
217126,MALCO ENERGY LIMITED
226019,TALWANDI SABO POWER LIMITED
324996,VEDANTA ALUMINIUM METAL LIMITED
324997,VEDANTA IRON AND STEEL LIMITED
112455,Lloyds Metals & Energy Ltd.
228347,Adani total gas Ltd.
243036,Authum Investment & Infrastucture Ltd
208414,Indian Renewable Energy Development Agency Ltd
213327,Housing & Urban Development Corporation Ltd.
217385,The New India Assurance Company Ltd.
218771,Shriram Pistons & Rings Ltd
304682,Tbo Tek Ltd
209492,UTI ASSET MANAGEMENT COMPANY Limited
112455,LLOYDS METALS & ENERGY LTD
228347,ADANI TOTAL GAS LTD
113683,NLC INDIA LTD
190071,SUNDARAM FINANCE LTD
109480,BERGER PAINTS INDIA LTD
209063,Cyient DLM Ltd.
313583,KRN Heat Exchanger and Refrigeration Ltd.
223571,Canara Robeco Asset Mgmt Co Ltd.
238594,Laser Power And Infra Ltd.
297249,Wework India Management Ltd.
317401,Midwest Ltd.
316572,Trualt Bioenergy Ltd.
318419,GK Energy Ltd
318597,Seshaasai Technologies Ltd.
287820,All Time Plastics Ltd.
283207,Vikram Solar Ltd.
277169,BlueStone Jewellery and Lifestyle Ltd.
316574,Smartworks Coworking Spaces Ltd.
317113,Oswal Pumps Ltd.
104741,INDIAN HUME PIPE COMPANY LIMITED
100008,Amara Raja Batteries Ltd
132349,Transport Corporation Of India Ltd.
325089,GSPL Transmission Ltd. #
251026,Vidya Wires Ltd.
200009,Kolte Patil Developers Limited
304549,SYRMA SGS TECHNOLOGY LTD
200115,TITAGARH RAIL SYSTEMS LTD
314345,CEIGALL INDIA LTD
249927,Gujarat Energy Ltd.
218240,MediaTek Incorporation
308855,Mpi Corporation
325086,Nanya Technology Corporation
308056,Chroma Ate
304868,Elite Material Co Ltd
308853,Delta Electronics Inc
307350,Accton Technology Corporation
307012,WinWay Technology Co. Ltd
321494,Yageo Corporation
304865,Aspeed Technology Inc
304864,Asia Vital Components Co Ltd
304876,Gold Circuit Electronics Ltd
304889,Unimicron Technology Corp
307748,LandMark Optoelectronics Corporation
323716,GCS Holdings Inc
325085,Macronix International Co Ltd
218320,Taiwan Semiconductor Manufacturing Co Ltd
313842,Fositek Corp
305214,All Ring Tech Co Ltd
325083,Browave Corp
305216,Bizlink Holding Inc
323715,Ardentec Corporation
320059,Advanced Energy Solution Holding Co Ltd
304878,Jentech Precision Industrial Co Ltd
320060,Compeq Manufacturing Co Ltd
320058,Dynapack International Technology Corporation
320061,MITAC Holdings Corporation
325084,Co-Tech Development Corp.
304869,eMemory Technology Inc
305218,Grand Process Technology Corporation
320063,Elite Advanced Laser Corp
220000,Bank of America Corp
278721,Alphabet Inc.
219105,Jpmorgan Chase & Co.
250895,Eli Lilly & Company
325817,Exxon Mobil Corporation Ltd.
311554,Johnson & Johnson
278077,Mastercard Incorporated Class A
224345,Intel Corporation
295796,CISCO SYS INC
218132,Cheveron Corporation
219126,Merck & Co. Inc.
237034,Applied Matls Inc Com
302741,Unitedhealth Group Inc.
298400,Goldman Sachs Group Inc.
219469,International Business Machines Corp
272601,Mcdonald'S Corporation
218183,Exxon Mobil Corporation Ltd.
298325,AT&T Inc.
225238,Intuitive Surgical Inc.
225197,Intuit Inc.
304549,Syrma Sgs Technology Ltd.
220527,Spandana Sphoorty Financial Limited
100180,HDFC Bank Ltd*
132174,ICICI Bank Ltd*
132540,Tata Consultancy Services Ltd*
100209,Infosys Ltd*
100247,Kotak Mahindra Bank Ltd*
100086,Exide Industries Ltd*
210258,ICICI Prudential Life Insurance Company Ltd*
280713,Crompton Greaves Consumer Electricals Ltd*
217400,Star Health And Allied Insurance Company Ltd*
100124,Dr. Reddy''s Laboratories Ltd
209979,Aditya Birla Sun Life AMC Ltd*
234556,CMS Info System Ltd
224849,ALEMBIC PHARMACEUTICALS LIMITED
293380,Dalmia Cement (Bharat) Ltd.
218215,Industrial and Commercial Bank of China Ltd
218205,HSBC HOLDINGS PLC
300671,Alibaba Group Holding Limited
218135,China Construct BK-H
222589,AIA Group Ltd
218204,Hong Kong Exchanges and Clearing Ltd
300176,Xiaomi Corporation
218141,China Mobile Ltd
299146,Meituan
218115,Bank Of China Ltd
218160,Cnooc Ltd
218275,Ping An Insurance Group Co Of China Ltd
219020,BYD Company Limited - H shares
280665,Netease Inc
304922,Semiconductor Manufacturing International Corp
325590,BeOne Medicines Ltd
218138,China Life Insurance Co Ltd
218351,Zijin Mining Group Co Ltd
218273,Petrochina Company Ltd
218231,Lenovo Group Ltd
218139,China Merchants Bank Co. Ltd. - H Shares
219333,Techtronic Industries Co Ltd.
218124,BOC Hong Kong Holdings Ltd
300175,WuXi Biologics (Cayman) Inc.
274615,CK Hutchison Holdings Limited
300155,JD.com Inc
324128,Innovent Biologics Inc
218317,Sun Hung Kai Properties
218149,China Shenhua - H
224344,Baidu Inc
220849,CLP Holdings Ltd
315143,Contemporary Amperex Technology Co. Limited
322970,Pop Mart International Group Limited
285509,Geely Auto
301010,Anta Sports Products Limited
218145,China Petroleum -H-
301611,Kuaishou Technology
294356,Link REIT NPV
296426,Trip.com Group Ltd
219039,China Resources Land Ltd
313462,WuXi AppTec Co.Limited
287480,CK Asset Holdings Limited
305852,Nongfu Spring Co. Limited
223816,Power Assets Holdings Ltd
220850,The Hong Kong China Gas Company Limited
306652,China Hongqiao Group Limited
303826,Citic Ltd
276599,CSPC Pharmaceutical Group Limited
305855,Li Auto Inc
246090,Galaxy Entertainment Group Ltd
321476,ZTO Express (Cayman) Inc
218152,China Telecom Corp Ltd
219036,China Molybdenum-H
298795,Midea Group Co Ltd
287481,WH Group Limited
218246,MTR Corp Limited
325591,J&T Global Express Limited
219035,China Mengniu Dairy Co
293113,Sino Biopharmaceutical Ltd
307746,Hansoh Pharmaceutical Group Company Limited
304916,Haier Smart Home Co Ltd
287856,Wharf Real Estate Investment Company Ltd
288188,Sunny Optical Tech
218144,China Overseas Land & Investment Ltd
304917,JD Health International Inc
294354,CK Infrastructure Holdings Ltd
304859,ENN Energy Holdings Limited
218147,China Resources Power Holdings Co Limited
220855,Henderson Land Development Co Limited
284288,New Oriental Education & Technology Group Inc
237055,Sands China Ltd
218153,China Unicom Hong Kong Ltd
218102,Aluminum Corporation of China Ltd
303827,Li Ning Company Limited
304858,China Resources Beer (Holdings) Company Limited
322969,JD Logistics Inc
249970,Shenzhou International Group Holdings Ltd
300685,China Resources Mixc Lifestyle Services Limited
324934,Laopu Gold Co. Ltd
307745,Chow Tai Fook Jewellery Group Limited
226235,Tingyi (Cayman Islands) Holdings Corp
301940,Haidilao International Holding Ltd
218128,BYD Electronic International Co Ltd
303828,Xinyi Glass Holdings Ltd
299446,Alibaba Health Information Technology Ltd
312347,Sinopharm Group Co Ltd
306656,Orient Overseas (International) Limited
301941,Longfor Group Holdings Ltd
226230,Hengan International Group Co Ltd
298794,Budweiser Brewing Company APAC Limited
218199,Hang Lung Properties Ltd
283647,Xinyi Solar Holdings Limited
117300,Gujarat Industries Power Company Limited
105192,SML Mahindra Ltd.
100459,Procter & Gamble Hygiene&HealthCare Ltd.
218320,Taiwan Semiconductor Manufacturing Co. Ltd
290395,Samsung Electronics Co. Ltd
311907,King Slide Works Co Ltd
311533,Lite-On Technology Corp
307746,Hansoh Pharmaceutical Group Co Ltd
219478,KB Financial Group Inc
308059,Wiwynn Corp
218312,Singapore Technologies Engineering Ltd
218172,DBS Group Holdings Ltd
325284,Hon Precision Inc
219333,Techtronic Industries Co. Ltd
321494,Yageo Corp
222111,Weichai Power Co Ltd
218205,Hsbc Holdings Plc
300175,Wuxi Biologics Cayman Inc
325821,Sieyuan Electric Co Ltd
325079,Wus Printed Circuit Kunshan Co Ltd
325080,Zhongji Innolight Co Ltd
304115,Jiangsu Hengrui Pharmaceuticals Co Ltd
285589,Yum China Holdings INC
218317,Sun Hung Kai Properties Ltd
322956,Zijin Gold International Co Ltd
274606,Fuyao Glass Industry Group Co Ltd
219020,BYD Co Ltd
218139,China Merchants Bank Co Ltd
106820,AstraZeneca Pharma India Ltd.
200115,Titagarh Rail Systems Ltd
221680,BROOKS Laboratories Limited
226156,ANAND RATHI WEALTH LTD
209902,ANGEL ONE LTD
305799,KFIN TECHNOLOGIES LTD
209492,UTI ASSET MANAGEMENT COMPANY LTD
228460,Bajaj Housing Finance Ltd
208361,Hyundai Motor India Ltd ‡
113599,HINDUSTAN COPPER LTD.
132636,India Infoline Ltd
132805,Redington (India) Ltd.
212705,BHARAT DYNAMICS LTD.
132258,TRANSTREAM INDIA COM LTD #
213133,FINEOTEX CHEMICAL LTD
215690,GRAVITA INDIA LIMITED
221554,Yatra Online Ltd.
100780,ZUARI INDUSTRIES LIMITED
302921,S.J.S. ENTERPRISES  LIMITED EQ
235594,Northern Arc Capital Ltd
322950,SKF India Industrial Limited
131120,Patel Engineering Limited
132309,GE Power India Limited
208196,GARDEN REACH SHIPBUILDERS & ENGINEER LTD
100249,Ksb Limited
132834,Camlin Fine Sciences Limited
255003,WINDLAS BIOTECH LIMITED
209038,RAILTEL CORPORATION OF INDIA LIMITED
224898,TSF INVESTMENTS LIMITED
124394,Vimta Labs Limited
225603,Bharat Parenterals Limited
111243,Cholamandalam Investment & Finance Co
132921,Adani Ports & Special Economic Zone Ltd
100547,Bharat Petroleum Corp Ltd
132488,Divis Laboratories Ltd
132331,Ajanta Pharmaceuticals Ltd
213327,Housing & Urban Development Corporation Ltd
112599,Adani Enterprises
100164,Godrej Industries Ltd
100124,Dr. Reddys Laboratories Ltd
132805,EQ - REDINGTON LTD
200048,EQ - IRB INFRASTRUCTURE DEV LTD.
105537,EQ - ZEE ENTERTAINMENT ENTERPRISES
200039,EQ - RELIANCE POWER LTD.
207673,EQ - AWL AGRI BUSINESS LIMITED
132175,EQ - CYIENT LTD
100770,EQ - TATA CHEMICALS LTD.
100084,EQ - CESC LTD.
100294,EQ - NCC LTD
132627,EQ - JAIPRAKASH POWER VENTURES LT
100085,EQ - CHAMBAL FERTILISERS & CHEMICAL
132514,EQ - INDRAPRASTHA GAS LTD.
100870,EQ - CASTROL INDIA LTD.
100390,EQ - RELIANCE INFRASTRUCTURE LTD.
229414,EQ - NAZARA TECHNOLOGIES LTD
303322,EQ - C.E. INFO SYSTEMS LTD
232592,EQ - LATENT VIEW ANALYTICS LTD
320350,EQ - URBAN COMPANY LIMITED
268618,EQ - L&T TECHNOLOGY SERVICES LTD
284232,EQ - HAPPIEST MINDS TECHNOLOGIES LT
209127,SP Apparels Ltd.
232356,Aeroflex Industries Ltd.
100125,EID Parry India Ltd.
119126,Hindustan Foods Ltd.
273811,Manipal Health Enterprises Ltd. #
318618,Fujiyama Power Systems Ltd.
132689,PVR INOX LIMITED
105192,SML Mahindra Ltd
221267,Fedbank Financial Ser Ltd
209532,VA TECH WABAG LTD
322066,Spandana Sphoorty Financial Limited-Partly Paid
251390,NXP SEMICONDUCTORS NV
225213,NVIDIA CORP
298292,APPLE INC
218241,MICROSOFT CORP
225172,BROADCOM INC
225206,MICRON TECHNOLOGY INC
294043,ADVANCED MICRO DEVICES INC
317495,PALANTIR TECHNOLOGIES INC
295796,CISCO SYSTEMS INC
225199,LAM RESEARCH CORPORATION
237034,APPLIED MATERIALS INC
283308,DELL TECHNOLOGIES INC
304863,PALO ALTO NETWORKS INC
218259,ORACLE CORPORATION
303393,CROWDSTRIKE HOLDINGS INC
239629,TEXAS INSTRUMENTS INC
282023,SALESFORCE INC
225198,KLA CORP
298322,ARISTA NETWORKS INC.
219469,IBM
225220,SANDISK CORP
298317,AMPHENOL CORP
240759,ANALOG DEVICES INC
225221,SEAGATE TECHNOLOGY HOLDINGS PLC
293119,SERVICENOW INC.
240768,WESTERN DIGITAL CORP
239630,ADOBE INC
298356,CORNING INC
219460,ACCENTURE PLC
298392,FORTINET INC
225197,INTUIT INC
288162,CADENCE DESIGN SYS INC
288163,SYNOPSYS INC
304929,APPLOVIN CORP
298454,MOTOROLA SOLUTIONS INC
304861,DATADOG INC
279209,HEWLETT PACKARD ENTERPRISE CO
298515,TE CONNECTIVITY PLC
301602,MONOLITHIC POWER SYSTEM INC
298423,KEYSIGHT TECHNOLOGIES INC
239632,AUTODESK INC
288165,WORKDAY INC
295250,ROPER TECHNOLOGIES INC
296452,MICROCHIP TECHNOLOGY INC
219464,COGNIZANT TECH SOLUTIONS
299139,TELEDYNE TECHNOLOGIES INC
310153,FAIR ISAAC CORP
225178,Check Point Software Tech
100674,Sanofi India Ltd
131316,Sandur Laminates Ltd @
239409,Crystal Cable Industries Ltd @
239411,Tirrihannah Company Ltd @
239410,Minerava Holdings Ltd @
111072,Dewan Housing Finance Corporation Ltd.
208089,Nuvama Wealth & Investment Ltd.
275316,Cartrade Tech Ltd
318188,Onesource Specialty Pharma Ltd
278701,Five-Star Business Finance Ltd.
113023,Nava Bharat Ventures Ltd.
267465,Shyam Metalics & Energy Ltd
132527,Ramkrishna Forgings Ltd
130019,Jubilant Pharmova Sciences Ltd
109496,ITD Cementation India Ltd.
114162,Welspun India Ltd.
132734,Godawari Power And Ispat Ltd.
132439,Olectra Greentech Ltd
190024,The Fertilisers and Chemicals.
123598,The Shipping Corporation Of India Ltd.
316052,Aegis Vopak Terminals Ltd
200019,Transformers and Rectifiers (India) Ltd.
231440,Allied Blenders and Distillers Ltd.
220674,Jupiter Wagons Ltd
209097,RITES Ltd.
101425,Bombay Burmah Trading Corporation Ltd.
132605,JBM Auto Ltd
209038,RailTel Corporation of India Ltd.
319986,Jain Resource Recycling Ltd
113377,MMTC Ltd.
122249,Mayur Uniquoters Limited
317079,LAXMI DENTAL LIMITED
100250,LG BALAKRISHNAN & BROS LIMITED
200043,J.Kumar Infraprojects Limited
132375,TIPS MUSIC LIMITED
100068,Disa India Limited
100336,Surya Roshni Ltd.
200025,Isgec Heavy Engineering Ltd.
307329,BLUE JET HEALTHCARE LTD
208433,INOX INDIA LIMITED
132856,TIME TECHNOPLAST LIMITED
122249,MAYUR UNIQUOTERS LTD
207959,CHALET HOTELS LTD.
273033,EQUITAS SMALL FINANCE BANK LTD.
324997,Vedanta Iron And Steel Ltd. #
324996,Vedanta Aluminium Metal Ltd. #
226019,Talwandi Sabo Power Ltd. #
217126,Malco Energy Ltd. #
228347,ADANI TOTAL GAS LIMITED
243036,AUTHUM INVESTMENT & INFRASTRUCTURE LIMITED
132889,K.P.R. MILL LIMITED
100660,GlaxoSmithkline Pharmaceuticals Ltd
207673,AWL AGRI BUSINESS LIMITED
101301,Tata Investment Corp Ltd
217385,The New India Assurance Company Ltd
320350,URBAN CLUB
130705,Anirit Ventures Ltd $$
288827,Sirca Paints India Ltd.
317106,Quality Power Electrical Equipments Ltd.
100407,Swaraj Engines Ltd.
238007,Thejo Engineering Limited
208414,Indian Renewable Energy Dev Agency Ltd.
288476,Utkarsh Small Finance Bank Ltd
100469,THE FEDERAL BANK  LIMITED
132187,INDUSIND BANK LIMITED
286335,AU SMALL FINANCE BANK LIMITED
208196,Garden Reach Shipbuilders & Engineers
218533,Narayana Hrudayalaya ltd.
324996,Vedanta Aluminium Metal Ltd @
210284,Indegene Ltd
217400,Star Health And Allied Insurance Co Ltd
217126,Malco Energy Ltd @
226019,Talwandi Sabo Power Ltd @
324997,Vedanta Iron And Steel Ltd @
305489,Virtuoso Optoelectronics Ltd.
132215,Axis Bank Ltd $ ##
132454,Bharti Airtel Ltd $$ ##
132555,NTPC Ltd ^^ ~~
100247,Kotak Mahindra Bank Ltd $ #
100520,Mahindra & Mahindra Ltd ! ^
100325,Reliance Industries Ltd $$ ~~
132174,ICICI Bank Ltd # ~~
217389,HDFC Life Insurance Co Ltd ## ~~
100510,Larsen & Toubro Ltd ^ ~~
100209,Infosys Ltd # ~~
100180,HDFC Bank Ltd ! ~~
100112,State Bank of India !! ~ ~
209370,SYMBIOTEC PHARMALAB LIMITED**
100520,MAHINDRA & MAHINDRA LTD.
100510,LARSEN & TOUBRO LTD.
100483,TATA COMMUNICATIONS LTD.
321202,OMNITECH ENGINEERING LTD
100875,ITC LTD.
222055,INTERGLOBE AVIATION LTD.
100825,BRITANNIA INDUSTRIES LTD.
218763,DR. LAL PATH LABS LTD.
217389,HDFC LIFE INSURANCE CO. LTD.
100770,TATA CHEMICALS LTD.
213838,PRESTIGE ESTATES PROJECTS LTD.
106076,GRINDWELL NORTON LTD.
132777,INFO EDGE (INDIA) LTD.
214179,SONA BLW PRECISION FORGINGS LTD.
218071,MAX HEALTHCARE INSTITUTE LTD.
100710,AKZO NOBEL INDIA LTD.
132286,JINDAL STEEL LTD.
100387,SHREE CEMENT LTD.
117354,HAVELLS INDIA LTD.
132343,TVS MOTOR COMPANY LTD.
126299,MPHASIS LTD.
200091,OIL INDIA LTD.
120056,TVS HOLDINGS LTD.
209373,SYNGENE INTERNATIONAL LTD.
132175,CYIENT LTD.
132827,PAGE INDUSTRIES LTD.
100570,TATA MOTORS PASSENGER VEHICLES LTD.
100550,SIEMENS LTD.
132810,POWER FINANCE CORPORATION  LTD.
100440,HINDALCO INDUSTRIES LTD.
100403,Sundaram Fasteners Ltd.
100870,Castrol (India) Ltd.
124164,IOL Chemicals and Pharmaceuticals Ltd.
126650,Tourism Finance Corporation of India Ltd.
132652,The Karnataka Bank Ltd.
211925,Rashi Peripherals Ltd.
106197,Bliss GVS Pharma Ltd.
316263,Senores Pharmaceuticals Ltd.
132309,GE Power India Ltd.
132374,Sterlite Technologies Ltd.
280212,Gokul Agro Resources Ltd.
123539,Precision Wires India Ltd.
132809,FIRSTSOURCE SOLUTIONS LTD.
219464,COGNIZANT TECHNOLOGY SOLUTIONS
121016,Indo Count Industries Ltd.
126227,Filatex India Ltd.
310589,Vasa Denticity Limited
112455,Lloyds Metals & Energy Ltd
225051,SBI Cards & Payment Services Limited
228347,Adani Gas Limited
243036,Authum Investment & Infrastructure Ltd
279664,Global Health Ltd/India
207673,AWL Agri Business Ltd
310018,NETWEB TECHNOLOGIES INDIA LTD.
312105,Entero Healthcare Solutions Ltd.
235955,HOME FIRST FINANCE COMPANY INDIA LTD
267615,AAVAS FINANCIERS LTD
324996,Vedanta Aluminium Metal Limited **#
217126,Malco Energy Limited **#
226019,Talwandi Sabo Power Limited **#
324997,Vedanta Iron And Steel Limited **#
112455,LLOYDS METALS AND ENERGY LTD.
130073,Sanghvi Movers Limited
316248,Standard Engineering Technology Ltd
287199,Gandhar Oil Refinery (India) Limited
100410,EQ - ACC LTD
132478,EQ - UNITED BREWERIES LTD.
236257,Artemis Medicare Services Ltd.
311884,Arkade Developers Ltd.
286712,Univastu India Ltd.
131508,Eveready Industries India Ltd.
314345,Ceigall India Ltd.
208345,Hi-Tech Pipes Ltd.
208412,Indian Railway Catering And Tourism Corporation Ltd
100163,Godfrey Phillips India Ltd
212705,Bharat Dynamics Ltd
132181,Gujarat Mineral Development Corp Ltd
217126,Vedanta Oil & Gas Limited
126881,63 moons technologies limited
208766,MULTI COMMODITY EXCHANGE OF INDIA LTD.
271867,LAURUS LABS LIMITED
208883,ONE 97 COMMUNICATIONS LIMITED
100182,HERO MOTOCORP LIMITED
132541,COFORGE LIMITED
254493,PB FINTECH LIMITED
100103,BHARAT HEAVY ELECTRICALS LIMITED
210072,DIXON TECHNOLOGIES (INDIA) LIMITED
132667,SUZLON ENERGY LIMITED
100493,BHARAT FORGE LIMITED
100257,LUPIN LIMITED
100477,ASHOK LEYLAND LIMITED
211337,POLYCAB INDIA LIMITED
209967,INDUS TOWERS LIMITED
302988,FSN E-COMMERCE VENTURES LIMITED
124804,AUROBINDO PHARMA LIMITED
132843,FORTIS HEALTHCARE LIMITED
131642,MARICO LIMITED
296765,HITACHI ENERGY INDIA LIMITED
100271,MAX FINANCIAL SERVICES LIMITED
190059,APL APOLLO TUBES LIMITED
217379,ICICI LOMBARD GENERAL INSURANCE COMPANY
132296,GLENMARK PHARMACEUTICALS LIMITED
103806,SRF LIMITED
117569,KEI INDUSTRIES LIMITED
103100,THE PHOENIX MILLS LIMITED
100104,HINDUSTAN PETROLEUM CORPORATION LIMITED
132497,RADICO KHAITAN LIMITED
132234,NATIONAL ALUMINIUM COMPANY LIMITED
242461,ADITYA BIRLA CAPITAL LIMITED
208461,JSW ENERGY LIMITED
126299,MPHASIS LIMITED
112070,UPL LIMITED
212427,ALKEM LABORATORIES LIMITED
117354,HAVELLS INDIA LIMITED
190071,SUNDARAM FINANCE LIMITED
126371,NMDC LIMITED
132466,ORACLE FINANCIAL SERVICES SOFTWARE
132523,BIOCON LIMITED
216369,NHPC LIMITED
100113,STEEL AUTHORITY OF INDIA LIMITED
124494,IPCA LABORATORIES LIMITED
220350,L&T FINANCE LIMITED
100290,MRF LIMITED
213838,PRESTIGE ESTATES PROJECTS LIMITED
100575,VOLTAS LIMITED
200091,OIL INDIA LIMITED
100830,COLGATE PALMOLIVE (INDIA) LIMITED
132720,MAHINDRA & MAHINDRA FINANCIAL SERV LTD.
112455,LLOYDS METALS AND ENERGY LIMITED
109930,SUPREME INDUSTRIES LIMITED
132779,TORRENT POWER LIMITED
132539,UNO MINDA LIMITED
106395,COROMANDEL INTERNATIONAL LIMITED
100096,DABUR INDIA LIMITED
132827,PAGE INDUSTRIES LIMITED
132522,PETRONET LNG LIMITED
132508,JINDAL STAINLESS LIMITED
220018,OBEROI REALTY LIMITED
132644,JK CEMENT LIMITED
209078,NIPPON LIFE INDIA ASSET MANAGEMENT LTD
210258,ICICI PRUDENTIAL LIFE INSURANCE COMPANY
100086,EXIDE INDUSTRIES LIMITED
237831,JSW INFRASTRUCTURE LIMITED
100483,TATA COMMUNICATIONS LIMITED
215367,JUBILANT FOODWORKS LIMITED
123642,PI INDUSTRIES LIMITED
132830,ASTRAL LIMITED
102355,BALKRISHNA INDUSTRIES LIMITED
318678,ITC HOTELS LIMITED
131344,CONTAINER CORPORATION OF INDIA LIMITED
208607,LG ELECTRONICS INDIA LIMITED
132683,AIA ENGINEERING LIMITED
100253,LIC HOUSING FINANCE LIMITED
132892,MOTILAL OSWAL FINANCIAL SERVICES
105790,SCHAEFFLER INDIA LTD
132331,AJANTA PHARMA LIMITED
243036,AUTHUM INVESTMENT & INFRASTRUCTURE LTD.
322541,BILLIONBRAINS GARAGE VENTURES LTD.
293380,DALMIA BHARAT LIMITED
208364,ICICI PRUDENTIAL AMC LTD
100411,THERMAX LIMITED
218756,HDB FINANCIAL SERVICES LIMITED
208412,INDIAN RAILWAY CATERING & TOURISM CORP
100877,APOLLO TYRES LIMITED
109480,BERGER PAINTS (I) LIMITED
210174,GENERAL INSURANCE CORPORATION OF INDIA
100488,ABBOTT INDIA LIMITED
123457,LINDE INDIA LIMITED
219691,COCHIN SHIPYARD LIMITED
100408,TATA ELXSI LIMITED
100368,PATANJALI FOODS LIMITED
209037,RAIL VIKAS NIGAM LIMITED
212705,BHARAT DYNAMICS LIMITED
207872,BHARTI HEXACOM LIMITED
100092,CRISIL LIMITED
207673,ADANI WILMAR LIMITED
215477,ENDURANCE TECHNOLOGIES LIMITED
113683,NEYVELI LIGNITE CORPORATION LTD.
123395,3M INDIA LIMITED
228460,BAJAJ HOUSING FINANCE LTD
208414,INDIAN RENEWABLE ENERGY DEV AGENCY LTD
294320,KPIT TECHNOLOGIES LIMITED
213327,HOUSING AND URBAN DEVELOPMENT CORP. LTD.
100163,GODFREY PHILLIPS INDIA LIMITED
101301,TATA INVESTMENT CORPORATION LTD.
132129,HEXAWARE TECHNOLOGIES LIMITED
100410,ACC LIMITED
117174,HONEYWELL AUTOMATION INDIA LIMITED
220512,SJVN LIMITED
217385,THE NEW INDIA ASSURANCE COMPANY LTD
132805,Redington Ltd
221645,Krishna Institute Of Medical Sciences Ltd
113599,Hindustan Copper Ltd
132300,Wockhardt Ltd
100184,Himadri Speciality Chemical Ltd
218533,Narayana Hrudayalaya Ltd
275316,CarTrade Tech Ltd
115030,Asahi India Glass Ltd
124208,Aarti Industries Ltd
131595,Capri Global Capital Ltd
310018,Netweb Technologies India Ltd
100645,Deepak Fertilizers and Petrochemicals Corporation Ltd
105537,Zee Entertainment Enterprises Ltd
132627,Jaiprakash Power Ventures Ltd
267465,Shyam Metalics And Energy Ltd
200048,IRB Infrastructure Developers Ltd
208196,Garden Reach Shipbuilders & Engineers Ltd
117271,HBL Engineering Ltd
100048,BEML Ltd
229820,Schneider Electric Infrastructure Ltd
241214,Paradeep Phosphates Ltd
131358,Choice International Ltd
200039,Reliance Power Ltd
109631,Heg Ltd
132734,Godawari Power & Ispat Ltd
100106,IFCI Ltd
215690,Gravita India Ltd
106590,PCBL Chemical Ltd
190024,Fertilizers And Chemicals Travancore Ltd
100116,IDBI Bank Ltd
225850,Niva Bupa Health Insurance Co Ltd
132181,Gujarat Mineral Development Corporation Ltd
210859,Tejas Networks Ltd
132733,Sun TV Network Ltd
317201,Leela Palaces Hotels & Resorts Ltd
100405,Supreme Petrochem Ltd
104614,Sarda Energy & Minerals Ltd
103310,Swan Corp Ltd
123367,Dcm Shriram Ltd
301912,Clean Science And Technology Ltd
123596,IRCON International Ltd
316659,International Gemological Institute Ltd
213672,Newgen Software Technologies Ltd
200019,Transformers And Rectifiers India Ltd
231440,Allied Blenders And Distillers Ltd
210591,Aditya Birla Fashion and Retail Ltd
121064,Trident Ltd
306733,Signatureglobal (India) Ltd
100109,Mangalore Refinery & Petrochemicals Ltd
209097,Rites Ltd
209038,Railtel Corporation Of India Ltd
232592,Latent View Analytics Ltd
132371,Tata Teleservices Maharashtra Ltd
132748,Prime Focus Ltd
132726,Gallantt Ispat Ltd
113377,MMTC Ltd
324996,Vedanta Aluminium Metal Ltd.A**
226019,Talwandi Sabo Power Ltd.A**
324997,Vedanta Iron and Steel Ltd.A**
217126,Malco Energy Ltd.A**
117334,Samvardhana Motherson International Limited ‡
100124,Dr. Reddy''s Laboratories Limited
324996,Vedanta Aluminium Metal Limited#
217126,Malco Energy Limited#
226019,Talwandi Sabo Power Limited#
324997,Vedanta Iron and Steel Limited#
132408,Sigma Advanced Systems Ltd.
322847,Advit Jewels Ltd.
321348,Skyways Air Services Ltd.
131978,Ambika Cotton Mills Ltd.
318669,Regaal Resources Ltd.
306788,Insolation Energy Ltd.
308020,Aarti Pharmalabs Ltd.
322709,Xtranet Technologies Ltd.
309139,Ratnaveer Precision Engineering Ltd.
251357,Chemtech Industrial Valves Ltd.
326005,Ratnaveer Precision Engineering Ltd.
131369,Wellwin Industry Ltd.
319925,Pace Digitek Ltd.
229617,Transrail Lighting Ltd.
130555,Paramount Communications Ltd.
132144,WELSPUN CORP LTD
132466,Oracle Financial Services Software
130843,Cupid Ltd.
208412,Indian Railway Catering & Tourism Corp
132493,ASTRA MICROWAVE PRODUCTS LIMITED
100660,GlaxoSmithKline Pharmaceuticals Ltd
131595,CAPRI GLOBAL CAPITAL LTD
113683,Neyveli Lignite Corporation Ltd.
100645,Deepak Fertilizers and Petro. Corp. Ltd
208414,Indian Renewable Energy Dev Agency Ltd
100033,FORCE MOTORS LTD.
190032,ZEN TECHNOLOGIES LIMITED
132922,EDELWEISS FINANCIAL SERVICES LIMITED
132627,JAIPRAKASH POWER VENTURES LIMITED
132757,VOLTAMP TRANSFORMERS LTD
209979,Aditya Birla Sun Life Mutual Fund
100266,Maharashtra Scooters Ltd.
274045,RAINBOW CHILDRENS MEDICARE LIMITED
131358,CHOICE INTERNATIONAL LIMITED
207959,CHALET HOTELS LIMITED
200039,RELIANCE POWER LIMITED
322366,Physicswallah Limited
287382,APOLLO MICRO SYSTEMS LIMITED
107205,TILAKNAGAR INDUSTRIES LIMITED
293602,Blackbuck Limited
294914,GO DIGIT GENERAL INSURANCE LIMITED
132783,Lt Foods Ltd
271581,INTELLECT DESIGN ARENA   LTD
282112,LLOYDS ENGINEERING WORKS LIMITED
291768,SKY GOLD AND DIAMONDS LIMITED
303157,RATEGAIN TRAVEL TECHNOLOGIES LIMITED
132221,SONATA SOFTWARE LIMITED
106590,PCBL Limited
100710,Akzo Nobel India Limited
308021,NMDC Limited
100185,HINDUSTAN CONSTRUCTION COMPANY LIMITED
190024,Fertilizers and Chemicals Travancore Ltd
223032,PC Jeweller Ltd.
123405,JM FINANCIAL LTD
232604,Medplus Health Services Limited
100241,KIRLOSKAR BROTHERS LIMITED
100670,Gujarat Narmada Valley Fert. Co. Ltd
132181,Gujarat Mineral Development Corp.
130117,Privi Speciality Chemicals Ltd
104614,SARDA ENERGY & MINERALS LTD
208264,GUJARAT PIPAVAV PORT LIMITED
122285,Jayaswal Neco Industries Ltd.
103310,SWAN ENERGY LIMITED
274041,Dr. Agarwal's Health Care Limited
112463,Lloyds Enterprises Ltd.
123596,Ircon International Limited
105533,WESTLIFE FOODWORLD LIMITED
217396,Canara HSBC Life Insurance Company Ltd
100690,Gujarat State Fert & Chemicals Limited
316659,International Gemmological Institute Ltd
200019,Transformers & Rectifiers (India) Ltd
313583,KRN Heat Exchanger & Refrigeration Ltd
220674,JUPITER WAGONS LIMITED
284503,Ask Automotive Limited
100463,BLACK BOX LIMITED
100214,Ion Exchange (India) Limited
275070,Infibeam Avenues Limited
306733,SIGNATURE GLOBAL (INDIA) LIMITED
131112,Balu Forge Industries Ltd.
131431,Shakti Pumps (India) Ltd
293000,KPI GREEN ENERGY LIMITED
209097,RITES LIMITED
127001,ASHAPURA MINECHEM LTD
277585,Inox Green Energy Services Ltd
101425,The Bombay Burmah Trading Corp. Ltd
100201,Indian Glycol Ltd
100128,Electrosteel Casting Ltd
219492,Valor Estate Ltd.
296050,INDIGO PAINTS LIMITED
104918,Sandur Manganese & Iron Ores Limited
132605,JBM AUTO LTD
267389,QUESS CORP LIMITED
124226,GUJARAT AMBUJA EXPORTS LIMITED
295131,Sterling and Wilson Renewable Energy Ltd
120051,JAMNA AUTO INDUSTRIES LTD
117498,Websol Energy System Ltd.
303723,Jeena Sikho Lifecare Ltd.
132668,Aurionpro Solution Ltd.
232353,RHI MAGNESITA INDIA LIMITED
237056,Waaree Renewable Technologies Limited
216897,Skipper Ltd.
227331,SUPRIYA LIFESCIENCE LIMITED
218933,RATTANINDIA POWER LIMITED
101455,GREAVES COTTAN LTD
217582,INDIAN METALS & FERRO ALLOYS LIMITED
304701,CAMPUS ACTIVEWEAR LIMITED
132748,PRIME FOCUS LTD
106222,Styrenix Performance Materials Ltd
132872,Sun Pharma Advanced Research Co. Limited
208646,MSTC Ltd
100413,Thomas Cook (India) Limited
226627,SHARDA CROPCHEM LIMITED
132884,Refex Industries Ltd.
130305,Piccadily Agro Industries Ltd.
316574,Smartworks Coworking Spaces Limited
124230,Rashtriya Chemicals  Fertilisers Ltd.
132528,DATAMATICS GLOBAL SERVICES LIMITED
119552,HERITAGE FOODS  LTD
132899,Kaveri Seed Company Ltd
207945,STAR CEMENT LIMITED
112179,SUNTECK REALTY LIMITED
100338,PRISM JOHNSON LIMITED
287141,SHARE INDIA SECURITIES LIMITED
308651,Zaggle Prepaid Ocean Services Ltd.
320396,Corona Remedies Limtied
121248,KITEX GARMENTS LIMITED
229901,RATTANINDIA ENTERPRISES LIMITED
123630,NATIONAL FERTILIZERS LTD
325729,Inox Renewable Solutions Limited
323308,Allcargo Global Limited#
132805,Redington (India) Limited
100008,Amara Raja Energy & Mobility Limited
100241,Kirloskar Brothers Investment Ltd
132642,JSW Holdings Ltd.
132832,Indiabulls Real Estate Ltd.
311653,Cello World Ltd.
124230,Rashtriya Chemicals and Fertilizers Ltd.
121070,Alok Industries Ltd.
132790,Tanla platforms Ltd
295131,Sterling And Wilson Renewable Energy Ltd.
132798,Network18 Media & Investments Ltd.
211531,Just Dial Ltd.
219185,Tencent Holdings Ltd.
219020,BYD Co Ltd.
300671,Alibaba Group HoldingLtd.
218231,Lenovo Group Ltd.
296426,Trip.com Group Ltd.
303425,Hua Hong Semiconductor Ltd.
305857,XPeng Inc
298795,Midea Group Co Ltd.
325618,Minimax Group Inc
320113,Horizon Robotics Inc
304916,Haier Smart Home Co Ltd.
305856,SenseTime Group Inc
307785,Bilibili Inc
324138,Zhejiang Leapmotor Technology Co. Ltd.
218128,BYD Electronic International Co. Ltd.
325617,Knowledge Atlas Technology JSC Ltd.
306702,Nio Inc
299446,Alibaba Health Information Technology Ltd.
304923,Tongcheng-Elong Holdings Ltd.
320114,Tencent Music Entertainment Gr
304919,Kingsoft Corp Ltd.
304918,Kingdee International Software Ltd.
100660,GlaxoSmithKline Pharmaceuticals Ltd.
100092,Crisil Ltd.
291286,Recruit Holdings Co Ltd
315974,Nippon Yusen Kabushiki Kaisha
282032,Kao Corporation
270347,Bridgestone Corp
270361,Nomura Holdings Inc
270351,Hitachi Ltd
270356,Mitsubishi UFJ Financial Group Inc
298029,Terumo Corp
282031,Itochu Corporation
267581,Toyota Motor Corp
301011,Keyence Corp
270355,Mitsubishi Chemical
270348,Daiwa House Industry
291289,Tokio Marine Holdings Inc
311179,Ajinomoto Co Inc
306653,Dai-ichi Life Holdings Inc
270357,MITSUBISHI HEAVY ORD
291288,SMC Corp
286805,Secom Co Ltd
270365,Orix Corporation
325592,Pan Pacific International Holdings Corporation
304860,Exeo Group Inc
282030,Daikin Industries Ltd
278041,Fast Retailing Co Ltd
312392,Daifuku Co Ltd
306657,TDK Corp
286806,Shin Etsu Chemical Co
291290,Tokyo Electron Ltd
299782,SoftBank Group Corp
270368,Sumitomo Elec Indust
306651,BayCurrent Consulting Inc
282037,Sony Group Corporation
321475,OTSUKA Corp
270358,Mitsubishi Corp
225521,Komatsu Ltd
270364,NTT Corp
299149,Nitori Holdings Co Ltd
270350,East Japan Railway
270359,Mitsui Fudosan Co
233063,LENSKART SOLUTIONS LTD
243036,AUTHUM INVESTMENT & INFRASTRUCTURE LTD
208412,INDIAN RAILWAY CATERING AND TOURISM CORPORATION LTD
100877,APOLLO TYRES LTD
100408,TATA ELXSI LTD
100092,CRISIL
212705,BHARAT DYNAMICS LTD
100495,ESCORTS KUBOTA LTD
208414,INDIAN RENEWABLE ENERGY DEVELOPMENT AGENCY LTD
213327,HOUSING & URBAN DEVELOPMENT CORPORATION LTD
101301,TATA INVESTMENT CORPORATION LTD
317139,NTPC GREEN ENERGY LTD
220512,SJVN LTD
277614,JUPITER LIFE LINE HOSPITALS LTD
296050,INDIGO PAINTS LTD
132162,JK PAPER LTD
221194,TEAMLEASE SERVICES LTD
209089,REPCO HOME FINANCE LTD
220884,S H KELKAR AND COMPANY LTD
103960,BHARAT BIJLEE LTD
106355,CHEMPLAST SANMAR LTD
225213,NVIDIA Corp
312312,Taiwan Semiconductor Manufacturing Co Ltd
323728,Equitable Holdings Inc
248372,PHILIP MORRIS INTERNATIONAL INC
294043,ADV MICRO DEVICES INC
321976,Western Alliance Bancorp
324628,Pinnacle Financial Partners Inc
218161,Coca-Cola Co.
304927,Adyen NV
227339,McKesson Corp
324920,Ryan Specialty Holdings Inc
302741,UnitedHealth Group Inc
219159,Schneider Electric SA
323727,Coherent Corp
231624,Suncor Energy Inc
305516,Shell PLC
325078,UniCredit Spa
321979,Natwest Group Plc
219126,Merck & Co Inc
323730,ITT Inc
312387,Argenx SE
267581,ALCON INC
323729,Five Below Inc
323732,Celestica Inc
250446,Marriott International Inc/MD
299781,ASTRAZENECA PLC
304962,Prudential PLC
321974,Reddit Inc
322395,DSV A/S
321981,St James's Place Plc
323328,Solstice Advanced Materials Inc
325823,Kioxia Holdings Corp
324345,XP Inc
278724,Dev Milk Foods Pvt. Ltd.
321978,Burford Capital Ltd
325824,OHB SE
325077,Corebridge Financial Inc
299147,SK hynix Inc
219216,Bank Central Asia Tbk Pt
247206,Bank Central Asia Tbk Pt
294352,THERMO FISHER SCIENTIFIC INC
325281,Leonardo SpA
218098,Agnico Eagle Mines Ltd
321977,UCB SA
324627,Bridgepoint Group PLC
321478,BAWAG Group AG
100459,Procter & Gamble Hygiene & Healthca
100670,Guj. Narmada Valley Fertilisers Ltd
100690,Gujarat State Fertilizers & Chemicals
100241,Kirloskar Brothers Ltd
121070,ALOK INDUSTRIES LIMITED
106820,Astra IDL Ltd.
284232,Happiest Minds Technologies Ltd
132790,TANLA PLATFORMS LIMITED
132798,Network 18 Media & Investments Limited
130517,Relaxo Footwears Ltd
289269,YASH HIGHVOLTAGE LTD
218533,NARAYANA HRUDAYALAYA LIMITED
281585,BLS INTERNATIONAL SERVICES LIMITED
132762,ACTION CONSTRUCTION EQUIPMENT LTD
223571,CANARA ROBECO MUTUAL FUND
210320,INTERARCH BUILDING SOLUTIONS LIMITED
117206,LUMAX INDUSTRIES LIMITED
209979,ADITYA BIRLA SUN LIFE MUTUAL FUND
132768,FIEM INDUSTRIES LTD
318823,SHANTI GOLD INTERNATIONAL LIMITED
132732,KEWAL KIRAN CLOTHING LTD
318418,GNG ELECTRONICS LIMITED
132805,REDINGTON LIMITED
284503,ASK AUTOMOTIVE LIMITED
221842,CREDITACCESS GRAMEEN LIMITED
210036,COMPUTER AGE MANAGEMENT SERVICES LIMITED
325669,Triveni Power Transmission Ltd. #
132356,Triveni Engineering & Industries Ltd.
117536,Onward Technologies Limited
107717,DHANUKA AGRITECH LIMITED
284650,PRICOL LIMITED
214084,SANSERA ENGINEERING LIMITED
222961,KIRLOSKAR OIL ENGINES LTD
291807,SENCO GOLD LIMITED
267543,GULF OIL LUBRICANTS INDIA LIMITED
132509,SUPRAJIT ENGINEERING LTD
100314,Oriental Hotels Ltd
242477,Orient Cement Ltd
322345,Hy-Tech Engineers Ltd
320028,Siemens Limited
217400,Star Health & Allied Insurance Co Ltd.
100645,Deepak Fertilizers & Petrochem Corp Ltd.
131768,Poly Medicure Ltd.
190024,Fertilizers & Chemicals Travancore Ltd.
123598,Shipping Corporation Of India Ltd.
217396,Canara HSBC Life Insurance Company Ltd.
209492,UTI Asset Management Company Ltd.
200019,Transformers And Rectifiers (India) Ltd.
100109,Mangalore Refinery & Petrochemicals Ltd.
209097,RITES LTD.
101425,The Bombay Burmah Trading Corp Ltd.
132605,Jbm Auto Ltd.
303322,C.E. Info Systems Ltd.
100378,JINDAL SAW LTD
317113,OSWAL PUMPS LTD
100660,EQ - GLAXOSMITHKLINE PHARMACEUTICA
132259,EQ - APAR INDUSTRIES LTD
132889,EQ - K.P.R.MILL LTD
100163,EQ - GODFREY PHILIPS INDIA LTD.
212705,EQ - BHARAT DYNAMICS LTD
117174,EQ - HONEYWELL AUTOMATION INDIA LTD
227331,Supriya Lifescience Ltd*
190003,Karur Vysya Bank Ltd*
271022,Uniparts India Ltd
132178,Engineers India Ltd*
301987,Alivus Life Sciences Ltd
119600,CCL Products (India) Ltd*
124091,Carysil Ltd*
314657,Afcom Holdings Ltd
218761,Mold-Tek Packaging Ltd*
122249,Mayur Uniquoters Ltd*
190013,Xpro India Ltd*
130343,Genus Power Infrastructures Ltd
295966,Samhi Hotels Ltd
124226,Gujarat Ambuja Exports Ltd
105283,Kirloskar Pneumatic Company Ltd
220884,S H Kelkar and Company Ltd
132440,MPS Ltd
123704,Mastek Ltd
221194,TeamLease Services Ltd
132425,Genus Prime Infra Ltd
222055,InterGlobe Aviation Ltd
207959,CHALET HOTELS LTD
100840,EIH LTD
303107,SAPPHIRE FOODS INDIA LTD
213429,LEMON TREE HOTELS LTD
317201,LEELA PALACES HOTELS & RESORTS LTD
281585,BLS INTERNATIONAL SERVICES LTD
228017,TRAVEL FOOD SERVICES LTD
117522,RAJRATAN GLOBAL WIRE LIMITED
122101,Kilburn Engineering Ltd
117385,SYMPHONY LIMITED
124558,NEULAND LABORATORIES LTD.
100184,HIMADRI SPECIALITY CHEMICAL LTD.
104973,TI Financial Holding ltd.
229238,Affle (India) Ltd.
297629,SUVEN PHARMACEUTICALS LTD
322066,Spandana Sphoorty Financial Limited- Partly Paid
119156,Vadilal Industries Limited
269404,Tube Investments Of India Ltd
315904,Sagility India Limited
205250,RPG Life Sciences Limited
209532,Va Tech Wabag Ltd
324997,Vedanta Iron and Steel Limited^
100390,Reliance Infrastructure Limited
123539,Precision Wires India Limited
235355,GLAND PHARMA LTD
221645,KRISHNA INSTITUTE OF MEDICAL SCIENCES LTD
218533,NARAYANA HRUDAYALAYA LTD
132482,GRANULES INDIA LTD
318188,ONESOURCE SPECIALTY PHARMA LTD
297629,COHANCE LIFESCIENCES LTD
131768,POLY MEDICURE LTD
132215,Axis Bank Ltd*
100710,Jsw Dulux Ltd.
323819,Shiprocket Ltd
100209,INFOSYS LTD.
100312,OIL & NATU. GAS CO.
100182,HERO MOTOCORP LTD.
132538,ULTRATECH CEMENT LTD.
100660,GLAXO SMITHKLINE PHARMA
100488,ABBOTT INDIA LTD.
131599,FDC LTD.
130965,INDIAN OIL CORP LTD.
208264,GUJARAT PIPAVAV PORT LTD.
131344,CONTAINER CORPORATION OF INDIA LTD.
304682,TBO TEK LTD.
222264,PG ELECTROPLAST LTD.
207673,AWL AGRI BUSINESS LTD.
228974,360 ONE WAM LTD.(ERSTWHILE IIFL WEALTH MANAGEMENT LTD)
100165,KANSAI NEROLAC PAINTS LTD.
111218,SHRIRAM FINANCE LTD.
217379,ICICI LOMBARD GENERAL INSURANCE CO. LTD.
100271,MAX FINANCIAL SERVICES LTD.
317201,LEELA PALACES HOTELS & RESORTS LIMITED
210217,HEALTHCARE GLOBAL ENTERPRISES LTD.
106285,BAYER CROPSCIENCE LTD.
250895,ELI LILLY & CO
311554,JOHNSON & JOHNSON
298545,ABBVIE INC
219126,MERCK & CO.INC
312473,NOVARTIS AG
296238,Novo Nordisk A/S
225229,VERTEX PHARMACEUTICALS INC
220969,DANAHER CORP
225238,INTUITIVE SURGICAL INC
284302,MEDTRONIC PLC
298510,STRYKER CORP
298329,BECTON DICKINSON AND CO
287855,IQVIA HOLDINGS INC
298304,AGILENT TECHNOLOGIES INC
267054,WATERS CORP
200036,GKW Ltd.
324997,Vedanta Iron and Steel Limited
317494,Natera Inc
324923,Revolution Medicines Inc
322901,Credo Technology Group Holding Limited
312385,MongoDB Inc
321452,Elbit Systems Ltd
301005,Atlassian Corporation Plc
325604,Medline Inc
305839,Royalty Pharma PLC
298543,Zoom Video Communications Inc
325609,Tower Semiconductor Ltd
311919,Liberty Media Formula One Ser C
304928,Affirm Holdings Inc
317497,United Therapeutics Corp
325603,MACOM Technology Solutions Holdings Inc
318774,FTAI Aviation Limited
324921,AST SpaceMobile Inc
325605,MKS Inc
305837,GlobalFoundries Inc
325607,Sterling Infrastructure Inc
325602,IREN Limited
325606,Nextpower Inc
304932,Biontech SE
325608,Symbotic Inc
311918,Liberty Media Formula One Ser A
324924,Roivant Sciences Limited
324925,Woodward Inc
218295,ROYAL GOLD INC
290269,INDIAMART INTERMESH LTD
210859,TEJAS NETWORKS LTD
294253,BRAINBEES SOLUTIONS LTD
271581,INTELLECT DESIGN ARENA LTD
123610,ITI LTD
209038,RAILTEL CORPORATION OF INDIA LTD
132371,TATA TELE SERVICES(MAHARASHTRA)LTD
232592,LATENT VIEW ANALYTICS LTD
287382,Apollo Micro Systems Ltd.
301603,Paras Defence And Space Technologies Ltd.
132395,AXISCADES Technologies Ltd.
100252,LMW Ltd.
316596,Unimech Aerospace and Manufacturing Ltd.
305814,DCX Systems Ltd.
132162,Jk Paper Ltd.
106480,GOCL Corp Ltd.
132725,SOLAR INDUSTRIES INDIA LTD.
294388,ATHER ENERGY LTD.
252306,ETERNAL LTD.
208766,MULTI COMMODITY EXCHANGE OF IND LTD.
219300,COAL INDIA LTD.
210072,DIXON TECHNOLOGIES (INDIA) LTD.
311742,DOMS INDUSTRIES LTD.
100086,EXIDE INDUSTRIES LTD.
132497,RADICO KHAITAN LTD.
211337,POLYCAB INDIA LTD.
254493,PB FINTECH LTD.
132921,ADANI PORTS AND SPECIAL ECONOMIC ZONE LTD.
228974,360 ONE WAM LTD.
318618,FUJIYAMA POWER SYSTEMS LTD.
209078,NIPPON LIFE INDIA  ASSET MANAGEMENT LTD.
100790,NESTLE INDIA LTD.
207901,BSE LTD.
190003,KARUR VYSYA BANK LTD.
132281,HCL TECHNOLOGIES LTD.
108869,APOLLO HOSPITALS ENTERPRISE LTD.
105283,KIRLOSKAR PNEUMATIC COMPANY LTD.
274045,RAINBOW CHILDRENS MEDICARE LTD.
209867,ADANI POWER LTD.
208727,METRO BRANDS LTD.
131213,MANAPPURAM FINANCE LTD.
132500,MARUTI SUZUKI INDIA LTD.
100260,THE RAMCO CEMENTS LTD.
100660,GLAXOSMITHKLINE PHARMACEUTICALS LTD.
209550,VARUN BEVERAGES LTD.
217842,GODREJ AGROVET LTD.
324996,VEDANTA ALUMINIUM METAL LTD.
104067,ZENSAR TECHNOLOGIES LTD.
122163,DIAMOND POWER INFRASTRUCTURE LTD.
100042,BASF India Limited
102742,Sintex Industries Ltd ** ^ #
112455,Lloyds Metals And Energy Ltd
132508,Jindal Stainless Ltd
228347,Adani Total Gas Ltd
113683,NLC India Ltd
302244,Krsnaa Diagnostics Ltd.
132768,Fiem Industries Ltd.
132150,Indraprastha Medical Corporation Limited
235126,Shalby Limited
316917,Ivalue Infosolutions Limited
132921,ADANI PORTS AND SPECIAL ECONOMIC ZONE LT
100850,Indian Hotels Company Limited
100520,Mahindra and Mahindra Ltd
100510,Larsen and Toubro Ltd
111243,Cholamandalam Investment and Finance Com
100570,Tata Motors Pass Vehicles Ltd
132375,TIPS Music Ltd.
113599,HINDUSTAN COPPER LTD
100184,HIMADRI SPECIALITY CHEMICAL LTD
122074,ELGI EQUIPMENTS LTD
106401,DEEPAK NITRITE LTD
115030,ASAHI INDIA GLASS LTD
223187,KAYNES TECHNOLOGY INDIA LTD
100008,AMARA RAJA ENERGY & MOBILITY LTD
100233,KAJARIA CERAMICS LTD
100027,ATUL LTD
100085,CHAMBAL FERTILISER & CHEMICALS LTD
132144,EQ - WELSPUN CORP LTD.
226156,EQ - ANAND RATHI WEALTH LTD
100411,EQ - THERMAX LTD.
124558,EQ - NEULAND LABORATORIES LTD.
100184,EQ - HIMADRI SPECIALITY CHEMICALS L
222554,EQ- DATA PATTERNS (INDIA) LTD.
113599,EQ - HINDUSTAN COPPER LTD.
132482,EQ - GRANULES INDIA LTD
228347,EQ - ADANI TOTAL GAS LTD
122074,EQ - ELGI EQUIPMENTS LTD.
123457,EQ - LINDE INDIA LTD.
229820,EQ - SCHNEIDER ELECTRIC INFRASTRUCT
100144,EQ - FINOLEX CABLES LTD.
209979,EQ - ADITYA BIRLA SUN LIFE AMC LTD
218533,EQ - NARAYANA HRUDAYALAYA LTD
117146,EQ - USHA MARTIN LTD.
132209,EQ - JAMMU & KASHMIR BANK LTD
100033,EQ - FORCE MOTORS LTD.
190032,EQ - ZEN TECHNOLOGIES LTD.
208196,EQ - GARDEN REACH SHIPBUILDERS & EN
124816,EQ - NATCO PHARMA LTD.
132178,EQ - ENGINEERS INDIA LTD
117271,EQ - HBL ENGINEERING LTD.
113023,EQ - NAVA LTD.
132734,EQ - GODAVARI POWER & ISPAT LTD.
132181,EQ - GUJ MINERAL DEV COR LTD
132163,EQ - SAREGAMA  INDIA LTD
200019,EQ - TRANSFORMERS & RECTIFIERS (IND
281585,EQ - BLS INTERNATIONAL SERVICES LTD.
106943,EQ - J.B.CHEMICALS & PHARMACEUTICAL
111196,EQ - CANFIN HOMES LTD.
235955,EQ - HOME FIRST FINANCE COMPANY IND
131358,EQ - CHOICE INTERNATIONAL LTD.
271581,EQ - INTELLECT DESIGN ARENA LTD.
209344,EQ - SUMITOMO CHEMICAL INDIA LTD
132783,EQ - LT FOODS LTD.
100241,EQ - KIRLOSKAR BROTHERS LTD.
209492,EQ - UTI ASSET MANAGEMENT COMPANY L
124494,Ipca Laboratories Limited
132331,Ajanta Pharmaceuticals Ltd.
119600,CCL Products (I) Ltd.
100620,Great Eastern Shipping Co. Ltd.
315904,Sagility India Ltd.
223571,CANARA ROBECO AMC LTD
132735,R Systems International Ltd.
216156,LTM Ltd
132898,Power Grid Corporation Of India Limited
131642,Marico Ltd*
209532,VA Tech Wabag Ltd*
132343,TVS Motor Company Ltd*
296765,Hitachi Energy India Ltd*
105200,Eicher Motors Ltd*
218763,Dr. Lal Path Labs Ltd*
100870,Castrol India Ltd*
200132,Bajaj Auto Ltd*
210036,Computer Age Management Services Ltd*
100214,ION Exchange (India) Ltd
301987,ALIVUS LIFE SCIENCES
100645,Deepak Fertilizers & Petrochemicals Corp. Ltd.
209344,SUMITOMO CHEMICAL INDIA LTD.
106590,PCBL LTD
106285,Bayer Crop Science Ltd
103310,SWAN ENERGY LTD
294388,EQ - ATHER ENERGY LTD.
216369,EQ - NHPC LTD.
111072,EQ - PIRAMAL FINANCE LTD
100183,EQ - HFCL LTD
112455,EQ - LLOYDS METALS & ENERGY LTD.
221033,EQ - ASTER DM QUALITY CARE LIMITED
295872,EQ - GUJARAT FLUROCHEMICALS LTD
124000,EQ - POONAWALLA FINCORP LTD.
122287,EQ - KALPATARU PROJECTS INTERNATIONAL LIMITED
100003,EQ - AEGIS LOGISTICS LTD
132300,EQ - WOCKHARDT LTD
132636,EQ - IIFL FINANCE LTD
243036,EQ - AUTHUM INVESTMENT & INFRASTUCTURE LTD
209420,EQ - TATA TECHNOLOGIES LTD
208089,EQ - NUVAMA WEALTH MANAGEMENT LTD
244937,EQ - PTC INDUSTRIES LTD
307332,EQ - PIRAMAL PHARMA LTD
217400,EQ - STAR HEALTH & ALLIED INSURANCE
275316,EQ - CARTRADE TECH LTD
314935,EQ-PREMIER ENERGIES LIMITED
106401,EQ - DEEPAK NITRITE LTD.
318188,EQ - ONESOURCE SPECIALITY PHARMA LTD.
223187,EQ - KAYNES TECHNOLOGY INDIA LTD
115030,EQ - ASAHI INDIA GLASS LTD.
304549,EQ - SYRMA SGS TECHNOLOGY LTD.
100260,EQ - RAMCO CEMENTS LTD.
100008,EQ - AMARA RAJA ENERGY & MOBILITY LTD
124208,EQ - AARTI INDUSTRIES LTD.
278701,EQ-FIVE-STAR BUSINESS FINANCE LTD.
100027,EQ - ATUL LTD.
131595,EQ - CAPRI GLOBAL CAPITAL LTD
310018,EQ - NETWEB TECHNOLOGIES INDIA LTD
113683,EQ - NLC INDIA LTD
210949,EQ - ADITYA INFOTECH LTD
209024,EQ - R R KABEL LTD
100645,EQ - DEEPAK FERTILISERS AND PETROCH
208414,EQ - INDIAN RENEWABLE ENERGY DEVELOPMENT AGENCY LTD
228460,EQ - BAJAJ HOUSING FINANCE LIMITED
296367,EQ - OLA ELECTRIC MOBILITY LTD
115055,EQ - ANANT RAJ LTD.
213327,EQ - HOUSING  & URBAN DEVT CORP LTD
250870,EQ - INVENTURUS KNOWLEDGE SOLUTIONS LTD
251791,EQ- APTUS VALUE HOUSNG FINANCE INDI
211595,EQ - BELRISE INDUSTRIES LTD
216065,EQ - JYOTI CNC AUTOMATION LTD
101301,EQ - TATA INVESTMENT CORPORATION LT
317139,EQ - NTPC GREEN ENERGY LTD
132129,EQ - HEXAWARE TECHNOLOGIES LTD.
100125,EQ - E.I.D.-PARRY (INDIA) LTD.
267465,EQ - SHYAM METALICS & ENERGY LTD
132527,EQ - RAMKRISHNA FORGINGS LTD.
119600,EQ - CCL PRODUCTS (INDIA) LTD
100038,EQ - BALRAMPUR CHINI MILLS LTD.
100048,EQ - BEML LTD.
100378,EQ - JINDAL SAW LTD.
100040,EQ - ADITYA BIRLA REAL ESTATE LTD
241214,EQ - PARADEEP PHOSPHATES LTD
109496,EQ - CEMINDIA PROJECTS LIMITED
100110,EQ - CHENNAI PETROLEUM LTD.
308764,EQ - HONASA CONSUMER LTD
322366,EQ - PHYSICSWALLAH LTD
114162,EQ - WELSPUN LIVING LIMITED
294914,EQ - GO DIGIT GENERAL INSURANCE LTD.
109631,EQ - HEG LTD.
100106,EQ - IFCI LTD
208045,EQ - DEVYANI INTERNATIONAL LTD
213597,EQ - MINDA CORPORATION LTD
102986,EQ - VARDHMAN TEXTILES LTD.
132784,EQ - SOBHA LIMITED
100840,EQ - EIH LTD.
106590,EQ - PCBL CHEMICAL LTD
132714,EQ - KEC INTERNATIONAL LTD.
308021,EQ - NMDC STEEL LTD
213429,EQ -LEMON TREE HOTELS LTD
132439,EQ - OLECTRA GREENTECH LTD
132885,EQ - CENTRAL BANK OF INDIA
190024,EQ - FERTILISERS & CHEMICALS TRAVAN
131335,EQ -ZYDUS WELLNESS LTD.
100116,EQ - IDBI BANK LTD.
106285,EQ - BAYER CROPSCIENCE LTD.
221661,EQ - AADHAR HOUSING FINANCE LTD
225850,EQ - NIVA BUPA HEALTH INSURANCE CO. LTD
123405,EQ - JM FINANCIAL LTD.
100164,EQ - GODREJ INDUSTRIES LTD.
123598,EQ - SHIPPING CORPN. OF INDIA
132400,EQ - BIRLASOFT LTD
321331,EQ - TENNECO CLEAN AIR INDIA LTD
210039,EQ - CONCORD BIOTECH LTD
132388,EQ - INDIAN OVERSEAS BANK
130007,EQ - JK TYRE & INDUSTRIES LTD.
109488,EQ - GRAPHITE INDIA LTD.
220512,EQ - SJVN LTD.
210859,EQ - TEJAS NETWORKS LTD.
217385,EQ - THE NEW INDIA ASSURANCE COMPAN
100405,EQ - SUPREME PETROCHEM LTD.
132733,EQ - SUN TV NETWORK LTD.
317201,EQ - LEELA PALACE HOTELS & RESORTS LTD
104614,EQ - SARDA ENERGY & MINERALS LTD.
132762,EQ - ACTION CONSTRUCTION EQUIPMENT
200057,EQ - AFCONS INFRASTRUCTURE LTD
100043,EQ - BATA INDIA LTD.
213046,EQ - EMMVEE PHOTOVOLTAIC POWER LTD
294253,EQ - BRAINBEES SOLUTIONS LTD.
103310,EQ - SWAN CORP LIMITED
287490,EQ - SBFC FINANCE LTD
123596,EQ - IRCON INTERNATIONAL LIMITED.
316052,EQ - AEGIS VOPAK TERMINALS LTD.
226328,EQ - ANUPAM RASAYAN INDIA LTD
217396,EQ - CANARA HSBC LIFE INSURANCE COMPANY LTD
105700,EQ - ELECON ENGINEERING CO. LTD.
229852,EQ - PINE LABS LTD
316659,EQ - INTERNATIONAL GEMOLOGICAL INSTITUTE LTD
226611,EQ - JSW CEMENT LTD
231440,EQ - ALLIED BLENDERS AND DISTILLERS LTD
220674,EQ - JUPITER WAGONS LTD
216147,EQ - NUVOCO VISTAS CORPORATION LTD
210591,EQ - ADITYA BIRLA FASHION & RETAIL
306733,EQ - SIGNATUREGLOBAL (INDIA) LTD
121064,EQ - TRIDENT LTD.
100109,EQ - MANGALORE REFINERY & PETROCHEM
126612,EQ - BLUE DART EXPRESS LTD.
209097,EQ - RITES LTD
132505,EQ - UCO BANK
255331,EQ - TEGA INDUSTRIES LTD
123610,EQ - ITI LTD.
101425,EQ - BOMBAY BURMAH TRADING CORPN. L
130005,EQ - INDIA CEMENTS LTD.
132605,EQ - JBM AUTO LTD.
209038,EQ - RAILTEL CORPORATION OF INDIA L
228017,EQ - TRAVEL FOOD SERVICES LTD
319986,EQ - JAIN RESOURCE RECYCLING LTD
132371,EQ - TATA TELESERVICES (MHTRA) LTD.
132748,EQ - PRIME FOCUS LTD.
132726,EQ - GALLANTT ISPAT LTD
113377,EQ - MMTC LTD
100003,AEGIS LOGISTICS LIMITED
280713,Crompton Greaves Consumer Elec Ltd
315904,SAGILITY LIMITED
100645,Deepak Ferts & Petrochemicals Corp Ltd
221842,Credit Access Grameen Ltd
100238,Whirlpool Of India Ltd.
320350,Urban Company Limited
294253,Brainbees Solutions Limited
306733,Signature Global (India) Ltd
100469,The Federal Bank Ltd*
100034,Bajaj Finance Ltd*
210590,Persistent Systems Ltd*
217389,HDFC Life Insurance Company Ltd*
100520,Mahindra & Mahindra Ltd*
217379,ICICI Lombard General Insurance Company Ltd*
100355,Rallis India Ltd
214179,SONA BLW PRECISION FORGINGS LIMITED
132504,NAVIN FLUORINE INTERNATIONAL LIMITED
100184,HIMADRI SPECIALITY CHEMICAL LIMITED
280713,CROMPTON GREAVES CONSUMER ELECTRICAL LTD
223187,KAYNES TECHNOLOGY INDIA PRIVATE LTD
100870,CASTROL INDIA LIMITED
208412,Indian Railway Catering And Tourism Corporation Lt
213327,HOUSING & URBAN DEVELOPMENT CORPORATION LTD.
208414,INDIAN RENEWABLE ENERGY DEVELOPMENT AGENCY LTD.
207673,ADANI WILMAR LTD.
100495,Escorts Ltd.
228460,BAJAJ HOUSING FINANCE LTD.
100183,HFCL LTD
122074,ELGI Equipments Ltd.
244937,PTC INDUSTRIES LTD.
217400,Star Health and Allied Insurance Ltd.
318188,ONESOURCE SPECIALTY PHARMA LTD.
323093,MEESHO LTD.
115055,Anant Raj Industries Ltd.
105714,GABRIEL INDIA LTD
250870,INVENTURUS KNOWLEDGE SOLUTIONS LTD.
211595,BELRISE INDUSTRIES LTD.
100125,EID PARRY (INDIA) LTD.
200017,ECLERX SERVICES LTD.
113023,NAVA LTD.
267465,SHYAM METALICS AND ENERGY LIMITED LTD
132527,RAMKRISHNA FORGINGS LTD.
119600,CCL PRODUCTS INDIA LTD
200048,IRB INFRASTRUCTURE DEVELOPERS LTD
208196,GARDEN REACH SHIPBUILDERS & ENGINEERS LTD
117271,HBL ENGINEERING LTD.
100040,ADITYA BIRLA REAL ESTATE LTD
222255,ERIS LIFESCIENCES LTD
241214,PARADEEP PHOSPHATES LTD.
131768,POLY MEDICURE LTD.
111196,CAN FIN HOMES LTD.
131358,CHOICE INTERNATIONAL LTD
200115,TITAGARH RAIL SYSTEMS LTD.
210284,INDEGENE LTD.
114162,WELSPUN LIVING LTD
294914,GO DIGIT GENERAL INSURANCE LTD.
132783,LT FOODS LTD.
109631,H.E.G. LTD.
132734,GODAWARI POWER AND ISPAT LIMITED
215690,GRAVITA INDIA LTD.
320350,URBAN COMPANY LTD.
132784,Sobha Developers Ltd.
290269,Indiamart Intermesh ltd.
308021,NMDC STEEL LTD
104067,ZENSAR TECHNOLGIES LTD.
132439,OLECTRA GREENTECH LTD.
190024,FERTILISERS AND CHEMICALS TRAVANCORE LTD.
100116,IDBI BANK LTD.
221661,AADHAR HOUSING FINANCE LIMITED
225850,NIVA BUPA HEALTH INSURANCE COMPANY LTD.
124742,CAPLIN POINT LABORATORIES LTD.
132756,CIE AUTOMOTIVE INDIA LTD.
123405,JM FINANCIAL LTD.
123598,The Shipping Corporation of India Ltd.
210039,CONCORD BIOTECH LTD.
317201,SCHLOSS BANGALORE LTD.
100405,SUPREME PETROCHEM LTD.
104614,SARDA ENERGY AND MINERALS LTD.
200057,AFCONS INFRASTRUCTURE LTD.
287490,SBFC FINANCE LTD
123367,DCM SHRIRAM LTD.
301912,CLEAN SCIENCE AND TECHNOLOGY LTD
123596,Ircon International Ltd
316052,AEGIS VOPAK TERMINALS LTD
226328,ANUPAM RASAYAN INDIA LTD.
217396,CANARA HSBC LIFE INSURANCE CO. LTD.
105700,ELECON ENGINEERING CO LTD.
229852,PINE LABS LTD.
316659,INTERNATIONAL GEMMOLOGICAL INSTITUTE (INDIA) LTD.
213672,NEWGEN SOFTWARE TECHNOLOGIES LTD.
200019,TRANSFORMERS AND RECTIFIERS (INDIA) LIMITED
231440,ALLIED BLENDERS & DISTILLERS LTD.
220674,JUPITER WAGONS LTD
216147,NUVOCO VISTAS CORPORATION LTD.
210591,ADITYA BIRLA FASHION AND RETAIL LTD.
306733,SIGNATURE GLOBAL LTD
123610,ITI LTD.
232353,RHI MAGNESITA INDIA LTD.
319986,JAIN RESOURCE RECYCLING LTD.
132371,TATA TELESERVICES LIMITED
303322,C.E. INFO SYSTEMS LTD.
132726,GALLANTT ISPAT LTD.
100183,Himachal Futuristic Communications Limited
100620,Great Eastern Shipping Co Ltd/The
310018,Netweb Technologies
100033,FORCE MOTORS LTD FORCE MOTORS LTD
124230,RASHTRIYA CHEMICALS & FERTILIZERS LTD
117421,Butterfly Gandhimathi Appliances Ltd
132627,JAIPRAKASH POWER VENTURES LTD
100048,BEML LTD
200039,RELIANCE POWER LTD
100294,NCC LTD
322345,Hy-Tech Engineers Ltd.A**
108486,Hawkins Cookers Limited
101455,Greaves Cotton Ltd.
100148,Uflex Ltd.
306733,SignatureGlobal India Ltd
100325,Reliance Industries Ltd*
132454,Bharti Airtel Ltd*
100510,Larsen & Toubro Ltd*
100112,State Bank of India*
100875,ITC Ltd*
132538,UltraTech Cement Ltd
283316,National Securities Depository Ltd
112329,SG Mart Limited
100288,Morepen Laboratories Limited
132900,Paisalo Digital Ltd.
130239,Suven Life Sciences Limited
126433,ASM TECHNOLOGIES LTD
132054,KDDL Limited
124164,IOL Chemicals and Pharmaceuticals Limited
100404,Sunflag Iron And Steel Company Limited
100032,Bajaj Hindusthan Sugar Limited
126729,Goldiam International Limited
130073,Sanghvi Movers Ltd
200079,Kiri Industries Limited
100148,UFLEX Limited
266384,Pds Ltd.
126881,63 Moons Technologies Limited
124019,Kingfa Science & Technology (India) Limited
124091,Carysil Limited
132468,Kama Holdings Limited
131201,Shilchar Technologies Ltd
126367,Ganesh Housing Ltd
224160,Parag Milk Foods Limited
237594,JTL Industries Limited
100186,Hindustan Oil Exploration Company Limited
132663,Sasken Technologies Limited
316596,Unimech Aerospace and Manufacturing Limited
124709,NACL Industries Limited
100219,Jain Irrigation Systems Limited
221194,Teamlease Services Limited
124667,Savita Oil Technologies Limited
200082,Mahindra Holidays & Resorts India Limited
100235,Kalyani Steels Limited
123694,Apcotex Industries Limited
132440,MPS Limited
271022,Uniparts India Limited
132285,Geojit Financial Services Limited
131508,Eveready Industries India Limited
221217,Wonderla Holidays Limited
123716,Ashiana Housing Limited
132369,Ramco Industries Limited
216564,Prince Pipes and Fittings Limited
117206,Lumax Industries Limited
106022,Prakash Industries Limited
285668,Capacit'e Infraprojects Limited
130001,Gujarat Alkalies and Chemicals Limited
105872,WPIL Limited
273894,Prataap Snacks Limited
219267,Pilani Investment and Industries Corporation Limited
122034,Shanthi Gears Limited
100052,Bhansali Engineering Polymers Limited
106690,Unichem Laboratories Limited
123319,Balmer Lawrie & Company Limited
222263,Kalpataru Limited
108989,Navneet Education Limited
100285,Spicejet Limited
314345,Ceigall India Ltd
100020,Bombay Dyeing & Mfg Company Limited
123261,Venky's (India) Limited
123385,Nilkamal Limited
100243,Kirloskar Industries Limited
119183,Adf Foods Limited
293705,RPSG Ventures Limited
105710,Grauer & Weil (India) Limited
299229,Borosil Limited
132029,Sindhu Trade Links Ltd.
233932,Indostar Capital Finance Limited
200067,D.B.Corp Limited
124743,Fischer Medical Ventures Limited
105744,Federal-Mogul Goetze (India) Limited.
117522,Rajratan Global Wire Ltd
224243,Vardhman Special Steels Limited
256841,Imagicaaworld Entertainment Limited
114234,Sangam (India) Limited
100333,PIX TRANSMISSIONS LTD
132735,R Systems International Limited
100108,Mahanagar Telephone Nigam Limited
124735,Hikal Limited
295873,Hindware Home Innovation Limited
209058,Ramky Infrastructure Limited
122215,HLE Glascoat Limited
283733,Muthoot Microfin Ltd
100227,Jindal Poly Films Limited
119091,Tasty Bite Eatables Limited
106235,Alembic Limited
105509,Responsive Industries Limited
310103,EMS Limited
312884,Gopal Snacks Limited
132859,Hinduja Global Solutions Limited
132390,Taj GVK Hotels & Resorts Limited
111742,Ugro Capital Limited
131543,Jindal Worldwide Limited
219452,Cantabil Retail India Limited
132851,Insecticides (India) Limited
100460,Mukand Limited
215739,Hathway Cable & Datacom Limited
218929,Sai Silks Kalamandir Limited
123127,EIH Associated Hotels Limited
112237,Jai Corp Limited
102090,Sagar Cements Limited
132268,Accelya Solutions India Limited
100168,Goodyear India Limited
301327,India Pesticides Limited
132189,India Tourism Development Corporation Limited
220053,KIOCL Limited
304126,Veranda Learning Solutions Limited
132848,Delta Corp Limited
131761,Apollo Pipes Limited
221959,Sula Vineyards Ltd
126829,Confidence Petroleum India Limited
105412,Wendt (India) Limited
200051,SEPC Limited
132749,Allcargo Logistics Limited
100117,DCW Limited
220260,Exicom Tele-Systems Ltd
124820,Panama Petrochem Limited
104112,NELCO Limited
109732,Kothari Industrial Corporation Ltd
302222,Meghmani Organics Limited
114043,Himatsingka Seide Limited
245331,Magellanic Cloud Limited
106480,GOCL Corporation Limited
102450,Seshasayee Paper and Boards Limited
131717,Vidhi Specialty Food Ingredients Limited
209055,Rama Steel Tubes Limited
220706,BF Investment Limited
207877,Dollar Industries Limited
132366,PNB Gilts Limited
219237,Den Networks Limited
217015,Tarsons Products Limited
107747,TTK Healthcare Limited
223021,Quick Heal Technologies Limited
302986,Fino Payments Bank Limited
109496,ITD CEMENTATION INDIA LIMITED
293602,Zinka Logistics Solutions Ltd.
105533,WESTLIFE DEVELOPMENT LTD
100690,GUJARAT STATE DEVELOPMENT LOAN
219492,D B REALTY LIMITED
132872,Sun Pharmaceutical Industries Limited
325669,Triveni Power Transmission Limited #
325729,Inox Renewable Solutions Limited #
323308,Allcargo Global Limited #
226019,Talwandi Sabo Power Limited #
324996,Vedanta Aluminium Metal Limited #
324997,Vedanta Iron and Steel Limited #
217126,Malco Energy Limited #
200055,Rural Electrification Corporation Ltd
216147,Nuvoco Vistas Corporation Ltd*
124404,MARKSANS PHARMA Ltd.
132531,Strides Pharma Science Ltd.
282112,Lloyds Engineering Works Ltd.
132915,Religare Enterprises Ltd.
100185,Hindustan Construction Company Ltd.
100670,Gujarat Narmada Valley Fertilizers & Chemicals Ltd.
305788,Yatharth Hospital & Trauma Care Ser Ltd.
274041,Dr. Agarwals Health Care Ltd.
224898,TSF Investments Ltd.
132790,Tanla Platforms Ltd.
132524,PTC India Ltd.
100690,Gujarat State Fertilizers & Chemicals Ltd.
132553,Welspun Enterprises Ltd.
132832,Embassy Developments Ltd.
240461,Jana Small Finance Bank Ltd.
130813,KRBL Ltd.
275070,AvenuesAI Ltd.
100214,ION Exchange (India) Ltd.
293000,Kpi Green Energy Ltd.
127001,Ashapura Minechem Ltd.
100039,Banco Products (I) Ltd.
305653,Gmr Power & Urban Infra Ltd.
100201,India Glycols Ltd.
130999,Balaji Amines Ltd.
104918,Sandur Manganese & Iron Ores Ltd.
100128,Electrosteel Castings Ltd.
124226,Gujarat Ambuja Exports Ltd.
132768,FIEM Industries Ltd.
102219,Borosil Renewables Ltd.
132668,Aurionpro Solutions Ltd.
237056,Waaree Renewable Technologies Ltd.
105355,NESCO Ltd.
293664,The Anup Engineering Ltd.
291807,Senco Gold Ltd.
227331,Supriya Lifescience Ltd.
217582,Indian Metals & Ferro Alloys Ltd.
218933,Rattanindia Power Ltd.
132670,Shree Renuka Sugars Ltd.
221267,Fedbank Financial Services Ltd.
132872,Sun Pharma Advanced Research Company Ltd.
190064,Jai Balaji Industries Ltd.
208646,MSTC Ltd.
311589,Redtape Ltd.
100413,Thomas Cook (India) Ltd.
210903,TVS Supply Chain Solutions Ltd.
315970,Raymond Lifestyle Ltd.
325669,Triveni Power Transmission Ltd. A**
318572,Sri Lotus Developers & Realty Ltd.
132899,Kaveri Seed Company Ltd.
119552,Heritage Foods Ltd.
132528,Datamatics Global Services Ltd.
112179,Sunteck Realty Ltd.
117168,Subros Ltd.
105726,IFB Industries Ltd.
130135,Optiemus Infracom Ltd.
132156,Vaibhav Global Ltd.
287141,Share India Securities Ltd.
313296,Awfis Space Solutions Ltd.
132891,Puravankara Ltd.
296057,Hemisphere Properties India Ltd.
300790,Tarc Ltd.
229901,RattanIndia Enterprises Ltd.
121248,Kitex Garments Ltd.
307636,Enviro Infra Engineers Ltd.
205702,Ellenbarrie Industrial Gases Ltd.
282626,H.G. Infra Engineering Ltd.
123630,National Fertilizers Ltd.
242477,Orient Cement Ltd.
314702,Crizac Ltd.
325729,Inox Renewable Solutions Ltd. A**
323308,Allcargo Global Ltd. A**
316995,Ventive Hospitality Ltd.
322345,Hy-Tech Engineers Ltd. A**
222055,Interglobe Aviation Limited
324997,VEDANTA IRON & STEEL LTD *8
223032,PC Jeweller Limited
104918,Sandur Manganese And Iron Ores Ltd
117498,Websol Energy System Limited
132884,Refex Industries Limited
130305,PICCADILY AGRO INDUSTRIES LTD
210903,Tvs Supply Chain Solutions Limited
323308,^^Allcargo Global Limited **
106197,Bliss GVS Pharma Limited
281566,Kwality Pharmaceuticals Limited
124470,Syncom Formulations India Limited
124669,Hester Biosciences Limited
300012,Sigachi Industries Limited
132067,3B BlackBio Dx Limited
126783,Dr.Agarwals Eye Hospital Limited
131349,Panacea Biotec Limited
124280,Kopran Limited
131633,Lincoln Pharmaceuticals Limited
124520,KMC Speciality Hospitals (India) Limited
124212,Wanbury Limited
106414,Fermenta Biotech Limited
107789,Jagsonpal Pharmaceuticals Limited
212661,Bajaj Healthcare Limited
319927,Gujarat Kidney And Super Speciality Limited
130199,Themis Medicare Ltd
106260,Anuh Pharma Ltd
208736,Health X Platform Limited
287181,Shree Ganesh Remedies Limited
317084,Fabtech Technologies Limited
132649,Nectar Lifesciences Limited
296367,OLA ELECTRIC MOBILITY LTD
100125,EID PARRY INDIA LTD
102986,VARDHMAN TEXTILES LTD
320627,ADITYA BIRLA LIFESTYLE BRANDS LTD
223430,VEDANT FASHIONS LTD
306733,SIGNATUREGLOBAL (INDIA) LTD
121064,TRIDENT LTD
100459,P & G HYGIENE & HEALTH CARE LTD
200054,V-GUARD INDUSTRIES LTD
100043,BATA INDIA LTD
200007,JYOTHY LABS LTD
130517,RELAXO FOOTWEARS LTD
100183,HFCL LIMITED
190003,KARUR VYSYA BANK LIMITED
226156,ANAND RATHI WEALTH LIMITED
235355,GLAND PHARMA LIMITED
232793,ACUTAAS CHEMICALS LIMITED
207950,CENTRAL DEPOSITORY SERVICES (INDIA) LTD.
222554,DATA PATTERNS (INDIA) LIMITED
132210,CITY UNION BANK LIMITED
132482,GRANULES INDIA LIMITED
100620,THE GREAT EASTERN SHIPPING COMPANY LTD
131213,MANAPPURAM FINANCE LIMITED
122074,ELGI EQUIPMENTS LIMITED
225154,AMBER ENTERPRISES INDIA LIMITED
217757,PNB HOUSING FINANCE LIMITED
100233,KAJARIA CERAMICS LIMITED
200515,ZF COMM. VEHICLE CONTROL SYSTEMS IND LTD
224623,INDIAN ENERGY EXCHANGE LIMITED
305013,MOTHERSON SUMI WIRING INDIA LIMITED
132209,THE JAMMU & KASHMIR BANK LIMITED
235955,HOME FIRST FINANCE COMPANY INDIA LIMITED
119600,CCL PRODUCTS (INDIA) LIMITED
100008,AMARA RAJA BATTERIES LTD
124816,NATCO PHARMA LIMITED
100110,CHENNAI PETROLEUM CORPORATION LTD.
132178,ENGINEERS INDIA LIMITED
117271,HBL ENGINEERING LIMITED
267465,SHYAM METALICS AND ENERGY LTD.
229238,AFFLE (INDIA) LIMITED
124742,CAPLIN POINT LABORATORIES LIMITED
222264,PG ELECTROPLAST LIMITED
102986,VARDHMAN TEXTILES LIMITED
132175,CYIENT LIMITED
200017,ECLERX SERVICES LIMITED
107815,GILLETTE INDIA LIMITED
131335,ZYDUS WELLNESS LTD
100710,AKZO NOBEL INDIA LIMITED
132439,OLECTRA GREENTECH LIMITED
208661,MAHANAGAR GAS LIMITED
100085,CHAMBAL FERTILIZERS & CHEMICALS LIMITED
100048,BEML LIMITED
100878,CEAT LIMITED
132181,GUJARAT MINERAL DEVELOPMENT CORP.
132783,LT FOODS LTD
100294,NCC LIMITED
132163,SAREGAMA INDIA LIMITED
104067,ZENSAR TECHNOLOGIES LIMITED
105700,ELECON ENGINEERING COMPANY LIMITED
200019,TRANSFORMERS & RECTIFIERS (INDIA) LTD
213672,NEWGEN SOFTWARE TECHNOLOGIES LIMITED
106943,JB CHEMICALS & PHARMACEUTICALS LIMITED
115030,ASAHI INDIA GLASS LIMITED
132636,IIFL FINANCE LIMITED
208801,NBCC (INDIA) LIMITED
111196,CAN FIN HOMES LIMITED
106820,ASTRAZENECA PHARMA INDIA LIMITED
222255,ERIS LIFESCIENCES LIMITED
209344,SUMITOMO CHEMICAL INDIA LIMITED
122205,PRAJ INDUSTRIES LIMITED
123596,IRCON INTERNATIONAL LIMITED
217842,GODREJ AGROVET LIMITED
294388,ATHER ENERGY LIMITED
289108,DELHIVERY LIMITED
209068,RBL BANK LIMITED
221033,ASTER DM HEALTHCARE LIMITED
209147,SAI LIFE SCIENCES LTD.
221645,KRISHNA INSTITUTE OF MEDICAL SCIENCE LTD
104973,CHOLAMANDALAM FINANCIAL HOLDINGS LIMITED
209420,TATA TECHNOLOGIES LIMITED
113375,CARBORUNDUM UNIVERSAL LIMITED
305799,KFIN TECHNOLOGIES LIMITED
217400,STAR HEALTH AND ALLIED INSURANCE CO LTD
275316,CARTRADE TECH LIMITED
318188,ONE SOURCE SPECIALTY PHARMA LTD
323093,MEESHO LIMITED
220741,SAMMAAN CAPITAL LTD.
100260,THE RAMCO CEMENTS LIMITED
122113,TIMKEN INDIA LIMITED
124208,AARTI INDUSTRIES LIMITED
100027,ATUL LIMITED
132514,INDRAPRASTHA GAS LIMITED
100770,TATA CHEMICALS LIMITED
100084,CESC LIMITED
100645,DEEPAK FERTILIZERS AND PETRO. CORP. LTD
310018,NETWEB TECHNOLOGIES INDIA LIMITED
251791,APTUS VALUE HOUSING FINANCE INDIA LTD
250870,INVENTURUS KNOWLEDGE SOLUTIONS LIMITED
105537,ZEE ENTERTAINMENT ENTERPRISES LIMITED
100038,BALRAMPUR CHINI MILLS LIMITED
297629,COHANCE LIFESCIENCES LIMITED
100125,EID PARRY INDIA LIMITED
200048,IRB INFRASTRUCTURE DEVELOPERS LIMITED
209373,SYNGENE INTERNATIONAL LIMITED
100040,ADITYA BIRLA REAL ESTATE LIMITED
308764,HONASA CONSUMER LIMITED
100680,PFIZER LIMITED
109631,HEG LIMITED
100238,WHIRLPOOL OF INDIA LIMITED
267615,AAVAS FINANCIERS LIMITED
106285,BAYER CROPSCIENCE LIMITED
100840,EIH LIMITED
190024,FERTILIZERS AND CHEMICALS TRAVANCORE LTD
100116,IDBI BANK LIMITED
301578,JUBILANT INGREVIA LIMITED
132714,KEC INTERNATIONAL LIMITED
213429,LEMON TREE HOTELS LIMITED
308021,NMDC LIMITED
106590,PCBL LIMITED
132784,SOBHA LIMITED
123598,THE SHIPPING CORP OF INDIA LTD
200057,AFCONS INFRASTRUCTURE LIMITED
100043,BATA INDIA LIMITED
294253,BRAINBEES SOLUTIONS LTD.
210039,CONCORD BIOTECH LIMITED
123367,DCM SHRIRAM LIMITED
311742,DOMS INDUSTRIES LIMITED
287490,SBFC FINANCE LIMITED
132733,SUN TV NETWORK LIMITED
210859,TEJAS NETWORKS LIMITED
210591,ADITYA BIRLA FASHION AND RETAIL LIMITED
316052,AEGIS VOPAK TERMINALS LIMITED
231440,ALLIED BLENDERS AND DISTILLERS LIMITED
226328,ANUPAM RASAYAN INDIA LIMITED
301912,CLEAN SCIENCE AND TECHNOLOGY LIMITED
316659,INTERNATIONAL GEMMOLOGICAL INSTITUTE LTD
226611,JSW CEMENT LIMITED
216147,NUVOCO VISTAS CORPORATION LIMITED
229852,PINE LABS LIMITED
126612,BLUE DART EXPRESS LIMITED
101425,THE BOMBAY BURMAH TRADING CORP. LTD
228017,TRAVEL FOOD SERVICES LIMITED
121064,TRIDENT LIMITED
132726,GALLANTT ISPAT LIMITED
319986,JAIN RESOURCE RECYCLING LIMITED
132371,TATA TELESERVICES (MAHARASHTRA) LIMITED
207861,Bharat Coking Coal Ltd.
130199,Themis Medicare Limited
106260,Anuh Pharma Limited
101301,Tata Investment Corporation Ltd
220512,SJVN Ltd
217400,Star Health and Allied Insurance Company Limited
100645,Deepak Fertilisers & Petrochemicals Corp. Limited
132209,Jammu & Kashmir Bank Limited
109631,H.E.G. Limited
190024,Fertilisers and Chemicals Travancore Limited
101425,The Bombay Burmah Trading Corporation Limited
105412,Wendt India Ltd.
100390,Reliance Infrastructure Ltd.
221720,DAM Capital Advisors Ltd.
117059,Salzer Electronics Ltd.
100469,Federal Bank Limited
132652,Karnataka Bank Limited
322541,Billionbrains Garage Ventures Limited
